net,length_um
clknet_0_clk,1.271645mm
net337,559.595µm
net78,536.595µm
net111,532.255µm
net106,512.795µm
net82,496.16µm
net86,474.96µm
net91,458.945µm
net295,453.65µm
net96,449.795µm
clk,449.15µm
net149,433µm
net66,431.205µm
net136,413.09µm
net93,406.39µm
net104,405.46µm
net294,404.59µm
net99,399.24µm
net88,396.32µm
net109,390.08µm
net155,381.315µm
net94,375.95µm
net83,366.37µm
net84,362.96µm
_0778_,361.46µm
net101,350.11µm
net77,347.56µm
net81,347.21µm
net89,345.315µm
net79,342.98µm
net189,340.01µm
net67,331.69µm
net138,328.865µm
u_core.dec_addr_i\[6\],327.45µm
net98,325.935µm
net141,322.43µm
net76,321.575µm
net953,319.6µm
net176,316.79µm
net129,305.44µm
net195,305.115µm
net137,298.195µm
net80,297.145µm
net108,295.88µm
net140,293.615µm
net148,284.99µm
net92,284.86µm
net134,284.835µm
net128,278.265µm
net199,277.355µm
net157,275.775µm
net182,275.515µm
net131,273.765µm
net113,272.25µm
net184,271.62µm
net133,271.46µm
net181,269.675µm
net173,268.305µm
net191,265.365µm
net132,264.86µm
net103,263.04µm
net135,262.96µm
net336,262.915µm
net163,261.625µm
u_core.dec_addr_i\[3\],258.025µm
net179,257.45µm
net147,257.01µm
net150,255.14µm
net202,253.965µm
net320,253.835µm
net267,253.395µm
net201,248.37µm
net256,247.365µm
u_core.mem_rd_addr\[0\],245.16µm
net139,243.37µm
net87,241.17µm
net127,239.965µm
net95,239.49µm
net188,237.92µm
net186,237.62µm
net102,232.08µm
net145,230.515µm
net4,229.81µm
net180,225.895µm
net287,225.515µm
clknet_4_0_0_clk,223.295µm
net107,223.125µm
_0882_,222.05µm
net194,220.065µm
net192,219.895µm
net62,219.665µm
net36,218.79µm
net142,218.725µm
net151,217.795µm
u_core.dec_data_valid_i,217.585µm
net175,216.85µm
_0051_,214.68µm
net144,211.525µm
u_core.mem_rd_addr\[2\],210.865µm
net90,208.83µm
net112,208.57µm
net177,207.24µm
net311,206.41µm
net114,206.315µm
clknet_4_3_0_clk,205.48µm
clknet_leaf_34_clk,205.165µm
net200,204.28µm
net300,202.19µm
net154,198.82µm
net319,198.42µm
clknet_leaf_12_clk,198.39µm
net165,197.91µm
net85,197.33µm
net312,196.36µm
net65,196.34µm
clknet_leaf_3_clk,194.86µm
net310,194.835µm
net161,194.46µm
clknet_4_14_0_clk,194.42µm
net174,193.965µm
u_core.dec_addr_i\[5\],193.94µm
net100,192.77µm
u_core.dec_cmd_i\[4\],190.425µm
net156,187.03µm
net187,186.385µm
clknet_leaf_1_clk,186.08µm
net160,182.575µm
clknet_leaf_43_clk,182.47µm
net153,182.375µm
net158,182.165µm
clknet_4_1_0_clk,181.9µm
net239,181.54µm
clknet_leaf_63_clk,181.145µm
net110,180.475µm
net313,180.475µm
clknet_leaf_46_clk,180.12µm
net314,179.53µm
net197,179.225µm
u_core.mem_rd_en,179.07µm
net122,177.635µm
net190,176.84µm
clknet_leaf_13_clk,176.585µm
clknet_4_4_0_clk,176.25µm
clknet_4_13_0_clk,175.59µm
net72,175.53µm
clknet_leaf_4_clk,175.03µm
net198,175µm
net152,174.515µm
net252,174.375µm
clknet_4_5_0_clk,173.56µm
net248,172.455µm
net34,171.94µm
clknet_4_15_0_clk,171.39µm
clknet_leaf_5_clk,171.24µm
clknet_leaf_24_clk,170.93µm
clknet_leaf_19_clk,170.88µm
u_core.dec_addr_i\[2\],170.87µm
clknet_leaf_39_clk,170.5µm
net105,170.34µm
clknet_leaf_26_clk,169.895µm
net61,169.13µm
net59,168.705µm
net29,168.18µm
net196,167.85µm
net97,167.76µm
net42,166.85µm
clknet_4_8_0_clk,166.43µm
clknet_leaf_41_clk,164.745µm
clknet_4_12_0_clk,164.49µm
net249,164.04µm
net68,164.03µm
u_core.dec_cmd_i\[6\],163.515µm
net64,162.805µm
clknet_leaf_18_clk,162.78µm
clknet_leaf_35_clk,162.655µm
net60,162.09µm
clknet_4_11_0_clk,161.855µm
net327,160.66µm
clknet_leaf_32_clk,160.64µm
net44,159.42µm
net304,159.065µm
clknet_leaf_0_clk,158.685µm
clknet_leaf_49_clk,157.865µm
net231,157.695µm
clknet_leaf_6_clk,157.56µm
clknet_leaf_33_clk,157.555µm
net255,157.395µm
clknet_leaf_8_clk,157.195µm
clknet_leaf_62_clk,156.675µm
net273,156.51µm
net183,156.415µm
net119,155.46µm
clknet_leaf_52_clk,155.13µm
net291,155.05µm
clknet_leaf_58_clk,154.48µm
clknet_leaf_27_clk,153.87µm
clknet_leaf_7_clk,153.835µm
net260,152.12µm
u_core.dec_addr_i\[4\],151.47µm
clknet_leaf_9_clk,151.395µm
clknet_leaf_60_clk,151.38µm
clknet_4_6_0_clk,150.915µm
clknet_leaf_53_clk,150.065µm
clknet_leaf_40_clk,149.58µm
clknet_leaf_38_clk,149.285µm
_0083_,147.585µm
clknet_4_7_0_clk,146.85µm
clknet_4_9_0_clk,146.505µm
clknet_leaf_61_clk,145.58µm
net274,145.505µm
clknet_leaf_55_clk,145.405µm
clknet_4_2_0_clk,145.33µm
net172,144.785µm
clknet_leaf_44_clk,144.73µm
clknet_leaf_14_clk,143.95µm
net118,143.675µm
net13,143.47µm
clknet_leaf_2_clk,143.375µm
clknet_leaf_30_clk,143.36µm
clknet_leaf_57_clk,142.91µm
net331,142.67µm
clknet_leaf_37_clk,142.575µm
clknet_leaf_23_clk,142.535µm
net217,142.345µm
clknet_leaf_28_clk,142.33µm
clknet_leaf_36_clk,141.64µm
net164,141.235µm
net117,140.565µm
net219,140.23µm
_1238_,139.835µm
clknet_leaf_22_clk,139.71µm
net301,139.695µm
net286,139.65µm
clknet_leaf_51_clk,139.42µm
net335,139.41µm
net193,139.09µm
net146,138.66µm
net74,138.655µm
clknet_leaf_15_clk,138.19µm
_1658_,137.79µm
net1107,137.59µm
_1696_,137.395µm
net185,137.35µm
clknet_leaf_54_clk,136.775µm
clknet_leaf_25_clk,136.01µm
clknet_leaf_17_clk,135.845µm
net293,135.52µm
clknet_leaf_11_clk,134.91µm
net288,134.85µm
_1266_,134.545µm
net1248,134.23µm
clknet_leaf_21_clk,134.055µm
clknet_leaf_48_clk,133.89µm
net32,133.525µm
net254,132.15µm
net22,132.04µm
net115,132.015µm
clknet_leaf_10_clk,131.91µm
clknet_leaf_50_clk,131.78µm
net292,131.26µm
net240,131.01µm
net237,130.395µm
clknet_leaf_45_clk,129.805µm
net296,129.78µm
net283,129.75µm
net1317,129.44µm
clknet_leaf_20_clk,129.315µm
net162,128.77µm
net55,128.545µm
clknet_leaf_47_clk,128.45µm
net270,128.425µm
net1138,128.37µm
u_core.u_nec_encoder.frame_word\[23\],128.28µm
net257,128.12µm
net261,128.085µm
net242,127.75µm
net223,127.65µm
u_core.dec_addr_i\[1\],127.34µm
clknet_4_10_0_clk,127.285µm
net321,127.185µm
net246,127.155µm
net23,126.63µm
clknet_leaf_59_clk,126.54µm
net49,126.49µm
net290,126.335µm
_1598_,126.195µm
net130,126.06µm
net116,125.56µm
net222,125.435µm
_1299_,125.43µm
net233,125.06µm
net171,124.9µm
clknet_leaf_31_clk,124.74µm
net123,124.28µm
net278,124.195µm
net328,123.985µm
u_core.mem_wr_data\[13\],123.98µm
u_core.dec_cmd_i\[1\],122.94µm
clknet_leaf_56_clk,122.82µm
u_core.u_nec_decoder.current_state\[1\],122.775µm
net228,122.62µm
net325,122.54µm
net1049,122.085µm
net251,121.725µm
net235,121.71µm
net245,121.52µm
net281,120.685µm
net265,120.585µm
net262,119.575µm
net224,118.865µm
u_core.dec_cmd_i\[7\],118.435µm
net41,118.39µm
net272,117.39µm
net230,117.315µm
clknet_leaf_16_clk,117.225µm
_1697_,117.155µm
clknet_leaf_42_clk,117.08µm
net332,116.965µm
net218,116.73µm
net31,116.43µm
net125,116.21µm
net71,116.09µm
net58,116.01µm
net317,115.985µm
net214,115.91µm
net1133,115.75µm
net253,115.275µm
net232,115.08µm
net73,114.55µm
clknet_leaf_29_clk,113.935µm
net39,113.655µm
_1695_,113.55µm
_1441_,113.475µm
net143,113.16µm
net306,112.58µm
net1426,111.31µm
net26,111.15µm
net324,111.11µm
net275,111.08µm
u_core.u_recorder.word_q\[14\],111.03µm
net298,110.85µm
net69,110.64µm
net318,110.615µm
u_core.u_nec_decoder.cmd\[7\],110.555µm
net56,110.475µm
net241,110.37µm
net284,110.135µm
net1301,109.795µm
u_core.u_nec_encoder.frame_word\[9\],109.285µm
net227,108.49µm
net234,107.87µm
net207,107.76µm
net35,107.685µm
net52,107.6µm
net323,107.48µm
net30,107.19µm
net243,107.025µm
net896,106.98µm
net1028,106.93µm
net551,106.865µm
net277,106.34µm
net226,105.71µm
net24,105.7µm
net221,105.385µm
net302,105.3µm
net266,105.235µm
net215,104.83µm
net178,104.66µm
net211,104.66µm
net309,104.59µm
net33,103.945µm
net247,103.93µm
net305,103.805µm
u_core.mem_wr_data\[20\],103.58µm
_1211_,103.52µm
_1337_,103.29µm
net159,102.845µm
net279,102.81µm
_1298_,102.075µm
net329,102.025µm
net28,101.72µm
net1557,101.46µm
u_core.u_nec_encoder.frame_word\[0\],101.29µm
net204,101.27µm
net225,100.73µm
net220,100.67µm
net1422,100.575µm
net229,100µm
u_core.u_nec_encoder.frame_word\[1\],99.67µm
net244,99.2µm
u_core.u_nec_encoder.frame_word\[13\],98.41µm
_1461_,98.245µm
net268,98.015µm
_1102_,97.885µm
net333,97.51µm
net307,96.97µm
u_core.u_nec_encoder.frame_word\[22\],95.9µm
net124,95.85µm
net1486,94.195µm
net43,93.93µm
net205,93.72µm
u_core.u_output_formatter.uart_tx_req,93.465µm
net40,93.41µm
u_core.dec_addr_i\[0\],93.245µm
_0004_,93.24µm
net554,92.735µm
net57,92.6µm
net1385,92.395µm
u_core.u_nec_encoder.frame_word\[4\],92.06µm
net888,91.185µm
u_core.u_replay_fsm.word_q\[25\],91.065µm
net269,90.875µm
net209,90.52µm
net1532,90.44µm
net263,90.32µm
u_core.u_nec_encoder.frame_word\[5\],90.15µm
net315,89.71µm
net289,89.705µm
net285,89.6µm
net38,89.295µm
u_core.mem_rd_data\[11\],89.215µm
u_core.mem_wr_data\[15\],88.88µm
_1047_,88.57µm
net166,88.565µm
_1523_,88.455µm
net45,88.27µm
net121,88.195µm
net1020,88.15µm
net126,87.85µm
net868,87.825µm
net238,87.785µm
u_core.u_nec_encoder.frame_word\[8\],87.56µm
_1149_,87.43µm
net236,87.295µm
net168,86.97µm
u_core.u_nec_encoder.frame_word\[10\],86.71µm
net299,86.67µm
net216,86.105µm
net1054,85.845µm
u_core.u_nec_encoder.frame_word\[2\],85.51µm
_1694_,85.46µm
_1265_,85.445µm
net1559,85.075µm
net18,84.84µm
net7,84.74µm
u_core.dec_addr_i\[7\],84.07µm
net1456,82.75µm
_1150_,82.495µm
u_core.u_nec_decoder.addr\[1\],81.675µm
u_core.dec_cmd_i\[0\],81.2µm
net11,80.505µm
u_core.pulse_width\[8\],79.935µm
_1692_,79.84µm
net1420,79.15µm
net206,79.025µm
net6,78.96µm
u_core.pulse_level,78.54µm
u_core.pulse_width\[7\],78.525µm
net308,78.505µm
_1656_,78.285µm
net37,78.23µm
net203,78.13µm
net757,77.66µm
net751,77.605µm
net53,77.395µm
net259,77.19µm
net1392,77.175µm
u_core.rep_error,76.99µm
_0837_,76.81µm
net50,76.61µm
net48,76.27µm
net46,76.055µm
u_core.u_pulse_timer.counter\[11\],75.925µm
u_core.u_nec_encoder.us_cnt_q\[8\],75.69µm
u_core.mem_rd_data\[20\],75.43µm
_1033_,74.18µm
u_core.pulse_width\[6\],74.07µm
_1116_,73.8µm
_0810_,73.765µm
_0969_,73.735µm
net5,73.44µm
net47,73.215µm
net70,73.14µm
net1140,72.85µm
_0001_,72.2µm
u_core.u_pulse_timer.counter\[8\],71.885µm
_1445_,71.66µm
net1016,71.625µm
_0813_,71.495µm
net1201,70.81µm
net781,70.375µm
net326,70µm
_0037_,69.75µm
u_core.mem_wr_data\[12\],69.55µm
net334,69.19µm
net322,69.05µm
net169,68.9µm
net25,68.885µm
u_core.pulse_width\[13\],68.38µm
_0787_,67.93µm
_1472_,67.15µm
u_core.pulse_width\[10\],67.09µm
net822,66.91µm
u_core.u_nec_decoder.addr\[3\],66.445µm
net63,66.25µm
u_core.u_nec_decoder.cmd_inv\[7\],66.205µm
u_core.u_nec_decoder.current_state\[0\],66.08µm
_0800_,65.755µm
u_core.u_output_formatter.command_reg\[7\],65.54µm
_0931_,65.41µm
_1469_,65.275µm
net809,65.275µm
net297,65.26µm
_0867_,65.23µm
net280,65.195µm
net719,65.1µm
u_core.u_nec_encoder.frame_word\[14\],65.085µm
_0868_,65.04µm
u_core.u_nec_encoder.bit_idx_q\[1\],65.005µm
net717,64.88µm
_1105_,64.81µm
u_core.mem_rd_data\[9\],64.4µm
net264,64.345µm
_1308_,64.19µm
u_core.u_nec_decoder.cmd\[6\],64.055µm
u_core.mem_wr_data\[11\],63.98µm
net276,63.865µm
_0842_,63.79µm
_0077_,63.715µm
u_core.u_nec_encoder.frame_word\[21\],63.475µm
u_core.u_nec_encoder.bit_idx_q\[0\],63.42µm
net895,63.31µm
net3,63.07µm
_1005_,62.955µm
_0881_,62.9µm
_1468_,62.86µm
u_core.u_nec_decoder.addr\[7\],62.305µm
u_core.u_nec_encoder.frame_word\[6\],62.22µm
net120,62.12µm
_1459_,62.05µm
u_core.u_pulse_timer.counter\[0\],62.005µm
net170,61.865µm
net1578,61.68µm
_1475_,61.63µm
u_core.mem_wr_data\[17\],61.57µm
net1494,61.53µm
u_core.u_uart_tx.state\[2\],61.04µm
u_core.mem_wr_addr\[1\],60.66µm
_1114_,60.65µm
u_core.u_nec_encoder.us_cnt_q\[9\],60.48µm
_0929_,60.205µm
u_core.u_nec_encoder.us_cnt_q\[10\],60.185µm
net213,60.1µm
_1106_,60.07µm
_1096_,60µm
net1351,59.705µm
net1347,59.635µm
_0718_,59.47µm
u_core.mem_wr_data\[23\],59.24µm
u_core.u_nec_decoder.cmd\[5\],59.125µm
_0945_,58.945µm
_1026_,58.86µm
_0938_,58.63µm
u_core.pulse_width\[11\],58.52µm
u_core.pulse_width\[9\],58.125µm
u_core.u_pulse_timer.counter\[1\],58.11µm
u_core.u_output_formatter.address_reg\[5\],58.03µm
u_core.mem_wr_data\[10\],58.015µm
_1466_,57.68µm
_0937_,57.44µm
_1061_,57.42µm
_1017_,57.38µm
u_core.mem_wr_data\[24\],57.305µm
_0817_,57.255µm
u_core.u_nec_decoder.addr\[5\],57.04µm
_1731_,56.925µm
net51,56.89µm
u_core.u_pulse_timer.counter\[4\],56.78µm
u_core.u_nec_decoder.cmd\[1\],56.42µm
_1504_,56.11µm
u_core.u_nec_decoder.cmd\[0\],55.57µm
net596,55.555µm
u_core.pulse_width\[12\],55.545µm
net1334,55.34µm
u_core.u_nec_encoder.frame_word\[20\],55.15µm
net75,55.01µm
net1563,54.87µm
u_core.mem_rd_data\[23\],54.78µm
net250,54.56µm
net212,54.55µm
_0958_,54.41µm
_1810_,54.19µm
_1041_,54.18µm
_1314_,54µm
_0987_,53.99µm
_1302_,53.99µm
net1536,53.96µm
net303,53.59µm
net1605,53.51µm
_1447_,53.505µm
u_core.mem_wr_en,53.07µm
net27,52.81µm
u_core.u_pulse_timer.counter\[6\],52.39µm
_1126_,52.365µm
_0955_,52.09µm
u_core.u_nec_encoder.us_cnt_q\[11\],52.085µm
net1510,52.02µm
_1210_,51.635µm
_0789_,51.475µm
_1127_,51.37µm
u_core.mem_wr_data\[31\],51.3µm
net1355,51.27µm
net1423,51.02µm
u_core.u_nec_encoder.us_cnt_q\[7\],50.975µm
net1539,50.845µm
_0861_,50.71µm
_1826_,50.595µm
net810,50.36µm
_1020_,50.31µm
u_core.pulse_width\[14\],50.23µm
u_core.u_nec_decoder.cmd_inv\[5\],50.185µm
_0921_,50.135µm
_1069_,50.095µm
u_core.u_nec_encoder.state_q\[1\],50.095µm
_0917_,50.075µm
_0794_,50.065µm
u_core.timeout,50.04µm
u_core.u_recorder.wait_cnt_q\[0\],50.02µm
u_core.u_nec_decoder.cmd_inv\[1\],49.98µm
u_core.u_pulse_timer.counter\[13\],49.93µm
u_core.u_nec_encoder.state_q\[4\],49.86µm
_1642_,49.8µm
net330,49.69µm
u_core.u_pulse_timer.counter\[12\],49.685µm
_0936_,49.665µm
net541,48.59µm
u_core.mem_wr_addr\[2\],48.55µm
net1471,48.51µm
_1492_,48.5µm
_1553_,48.48µm
_0971_,48.43µm
_1370_,48.24µm
net208,48.055µm
_0918_,48.03µm
_0933_,47.965µm
_1334_,47.86µm
net1614,47.82µm
net1060,47.78µm
_1128_,47.68µm
net271,47.605µm
_0995_,47.37µm
u_core.u_nec_decoder.cmd_inv\[0\],47.36µm
_1007_,47.305µm
u_core.dec_cmd_i\[3\],47.24µm
_0906_,47.195µm
_1377_,47.05µm
_0726_,47.035µm
_1614_,46.98µm
_0928_,46.81µm
u_core.u_output_formatter.command_reg\[4\],46.775µm
u_core.u_nec_encoder.us_cnt_q\[4\],46.695µm
_1592_,46.57µm
_0831_,46.45µm
u_core.dec_cmd_i\[2\],46.39µm
u_core.u_nec_encoder.us_cnt_q\[3\],46.385µm
_1046_,46.335µm
_0902_,46.135µm
u_core.led_ok_cnt_q\[18\],45.985µm
net1383,45.905µm
_1065_,45.765µm
_0954_,45.63µm
u_core.u_nec_decoder.addr\[2\],45.47µm
net1375,45.37µm
u_core.u_pulse_timer.counter\[15\],45.29µm
net210,45.175µm
_1585_,45.07µm
net282,45.06µm
u_core.u_output_formatter.address_reg\[1\],44.91µm
u_core.u_output_formatter.command_reg\[2\],44.845µm
u_core.u_output_formatter.address_reg\[4\],44.775µm
_1196_,44.59µm
_0966_,44.505µm
_1189_,44.315µm
net1477,44.115µm
net54,44.1µm
_0935_,44.04µm
_1589_,44.04µm
u_core.u_nec_decoder.addr\[0\],44µm
_0826_,43.94µm
u_core.u_uart_tx.bit_idx\[1\],43.87µm
u_core.u_pulse_timer.counter\[16\],43.4µm
_1750_,43.31µm
_0821_,43.16µm
_1328_,43.08µm
net715,42.995µm
_1442_,42.92µm
net258,42.785µm
_1160_,42.67µm
_1879_,42.49µm
u_core.u_nec_encoder.us_cnt_q\[2\],42.42µm
_1548_,42.25µm
net1454,42.12µm
u_core.pulse_width\[3\],41.82µm
_1058_,41.75µm
_1014_,41.7µm
u_core.u_nec_decoder.cmd\[2\],41.625µm
_0890_,41.52µm
u_core.u_output_formatter.command_reg\[6\],41.49µm
u_core.u_nec_encoder.bit_idx_q\[3\],41.4µm
net641,41.325µm
u_core.u_nec_encoder.us_cnt_q\[13\],41.3µm
u_core.u_uart_tx.bit_idx\[0\],41.28µm
_0795_,41.24µm
u_core.u_uart_tx.baud_cnt\[2\],41.145µm
_1320_,41.12µm
net692,41.05µm
net1541,41.02µm
_1767_,40.98µm
_0998_,40.875µm
_0797_,40.855µm
net1332,40.68µm
_0869_,40.58µm
u_core.pulse_width\[4\],40.57µm
_1307_,40.525µm
_1039_,40.465µm
u_core.u_pulse_timer.counter\[3\],40.45µm
net9,40.41µm
_1031_,40.4µm
_0947_,40.38µm
net1279,40.315µm
u_core.u_nec_decoder.addr\[4\],40.26µm
_0993_,40.11µm
_1195_,40.1µm
net957,40.005µm
_1035_,39.985µm
_1993_,39.96µm
_1546_,39.945µm
u_core.u_replay_fsm.state_q\[3\],39.845µm
_0961_,39.75µm
_1518_,39.7µm
_2017_,39.62µm
_1313_,39.505µm
net1286,39.49µm
net1043,39.48µm
_1123_,39.34µm
_1995_,39.19µm
net844,39.12µm
_1297_,38.78µm
_1665_,38.7µm
_0964_,38.695µm
_1795_,38.685µm
net1399,38.675µm
_1610_,38.665µm
_2009_,38.64µm
u_core.u_nec_encoder.us_cnt_q\[12\],38.61µm
_1112_,38.6µm
_1317_,38.6µm
_0875_,38.46µm
_1663_,38.46µm
_1654_,38.425µm
_1002_,38.395µm
u_core.u_output_formatter.command_reg\[0\],38.305µm
_1712_,38.285µm
_0776_,38.245µm
u_core.u_nec_encoder.frame_word\[17\],38.23µm
u_core.led_uart_cnt_q\[0\],38.045µm
net1379,37.99µm
_0919_,37.94µm
u_core.u_nec_decoder.addr_inv\[1\],37.94µm
net21,37.87µm
_1565_,37.795µm
net999,37.75µm
_1488_,37.74µm
u_core.u_nec_encoder.frame_word\[19\],37.69µm
u_core.mem_wr_data\[21\],37.63µm
net1004,37.57µm
u_core.pulse_done,37.35µm
_1022_,37.3µm
u_core.u_output_formatter.command_reg\[5\],37.285µm
_0979_,37.21µm
_1340_,37.165µm
u_core.u_output_formatter.address_reg\[7\],37.1µm
_0904_,37.065µm
_1628_,37.045µm
_0790_,36.97µm
u_core.u_pulse_timer.counter\[9\],36.97µm
u_core.u_pulse_timer.counter\[2\],36.885µm
u_core.u_nec_decoder.addr_inv\[7\],36.76µm
_0845_,36.74µm
_1023_,36.655µm
_1690_,36.61µm
_1588_,36.43µm
net921,36.38µm
u_core.u_nec_encoder.us_cnt_q\[1\],36.375µm
u_core.pulse_width\[17\],36.355µm
net794,36.325µm
_0775_,36.27µm
_1699_,36.07µm
_1482_,36.06µm
u_core.u_uart_tx.baud_cnt\[3\],36µm
net1262,35.97µm
_1011_,35.875µm
_0856_,35.83µm
u_core.u_recorder.state_q\[3\],35.82µm
_1040_,35.595µm
_1839_,35.58µm
_1133_,35.44µm
net1436,35.365µm
_0983_,35.35µm
u_core.u_replay_fsm.word_q\[28\],35.24µm
_1574_,35.23µm
u_core.u_nec_decoder.since_valid_cnt\[16\],35.19µm
net538,35.18µm
net1284,35.085µm
u_core.u_nec_encoder.state_q\[2\],35.07µm
net930,34.965µm
u_core.u_nec_decoder.cmd\[4\],34.94µm
net1256,34.93µm
_1880_,34.75µm
_1647_,34.685µm
_0897_,34.63µm
net1487,34.63µm
u_core.u_recorder.wait_cnt_q\[20\],34.58µm
_1651_,34.54µm
net1537,34.35µm
u_core.u_output_formatter.address_reg\[2\],34.32µm
_1237_,34.26µm
_0967_,34.235µm
u_core.u_pulse_timer.counter\[14\],34.21µm
_0949_,34.185µm
net1314,34.14µm
_1478_,34.13µm
u_core.u_nec_decoder.cmd\[3\],34.105µm
_1693_,34.085µm
_1154_,34.08µm
net764,33.99µm
_0799_,33.925µm
net617,33.925µm
net1402,33.86µm
net1359,33.8µm
_1624_,33.72µm
_0963_,33.715µm
_0962_,33.62µm
_1444_,33.615µm
_1001_,33.6µm
net1451,33.59µm
_1517_,33.56µm
_1961_,33.54µm
net1533,33.515µm
_1350_,33.445µm
_1132_,33.43µm
net1228,33.39µm
_1808_,33.38µm
_0922_,33.375µm
u_core.enc_busy,33.37µm
net1428,33.325µm
u_core.mem_wr_data\[18\],33.31µm
_1365_,33.24µm
_1878_,33.12µm
net1289,33.025µm
_1593_,32.98µm
net1204,32.84µm
_1586_,32.76µm
_1386_,32.64µm
_1396_,32.64µm
_0802_,32.615µm
_1155_,32.605µm
_0975_,32.425µm
_1198_,32.42µm
_1725_,32.415µm
_1437_,32.3µm
_1929_,32.29µm
net682,32.29µm
net686,32.28µm
_0943_,32.16µm
_1390_,32.16µm
_1915_,32.1µm
u_core.rec_error,32.065µm
net981,32.035µm
u_core.pulse_width\[2\],31.995µm
net1336,31.95µm
_1675_,31.86µm
net606,31.83µm
net1384,31.82µm
_1021_,31.795µm
u_core.u_nec_decoder.addr\[6\],31.795µm
_0812_,31.75µm
_0823_,31.705µm
u_core.hb_counter_q\[14\],31.58µm
u_core.u_replay_fsm.word_q\[16\],31.51µm
_1064_,31.47µm
_0822_,31.46µm
net563,31.44µm
u_core.u_output_formatter.address_reg\[0\],31.375µm
net1353,31.235µm
net556,31.22µm
_0880_,31.21µm
u_core.u_nec_decoder.addr_inv\[5\],31.15µm
net667,31.145µm
net1560,31.145µm
net1393,31.095µm
_0866_,31.08µm
_1013_,30.985µm
u_core.u_nec_decoder.cmd_inv\[6\],30.96µm
_1157_,30.81µm
net565,30.735µm
_1963_,30.73µm
u_core.led_ok_cnt_q\[1\],30.63µm
_1458_,30.57µm
u_core.u_uart_tx.baud_cnt\[5\],30.515µm
_1496_,30.49µm
_1019_,30.43µm
net1023,30.415µm
net1206,30.4µm
_1667_,30.36µm
_1187_,30.3µm
_0984_,30.255µm
u_core.u_nec_decoder.since_valid_cnt\[15\],30.255µm
net1401,30.25µm
_1718_,30.145µm
u_core.u_nec_decoder.addr_inv\[3\],30.09µm
_1549_,30.02µm
u_core.pulse_width\[5\],30.005µm
net650,30.005µm
_0889_,29.94µm
_1759_,29.88µm
net1282,29.86µm
_0730_,29.855µm
_1578_,29.65µm
_0785_,29.59µm
net547,29.49µm
net696,29.49µm
net167,29.455µm
net1514,29.31µm
_1758_,29.28µm
_0877_,29.26µm
_0788_,29.17µm
_1301_,29.145µm
net1127,29.145µm
net1247,29.1µm
net905,29.005µm
_1072_,28.93µm
net713,28.875µm
_1457_,28.825µm
net316,28.81µm
u_core.u_nec_encoder.frame_word\[7\],28.8µm
u_core.u_recorder.wait_cnt_q\[17\],28.8µm
net549,28.8µm
_1192_,28.69µm
_0858_,28.68µm
_0807_,28.65µm
net703,28.645µm
net1114,28.64µm
net1502,28.605µm
net671,28.58µm
u_core.u_output_formatter.byte_idx\[2\],28.57µm
net801,28.435µm
_0990_,28.39µm
_0956_,28.29µm
_0907_,28.27µm
net1320,28.22µm
net684,28.14µm
_1085_,28.08µm
net998,28.04µm
u_core.u_ir_tx.div_cnt_q\[5\],28.03µm
_1543_,28.015µm
net1390,28.015µm
u_core.u_nec_decoder.addr_inv\[0\],27.975µm
u_core.mem_wr_data\[16\],27.9µm
net579,27.9µm
net677,27.855µm
u_core.pulse_width\[1\],27.85µm
u_core.dec_cmd_i\[5\],27.84µm
net1178,27.825µm
_1726_,27.795µm
net1181,27.72µm
net1553,27.67µm
u_core.record_hold_q,27.585µm
_0841_,27.54µm
net1569,27.54µm
u_core.u_output_formatter.uart_data\[6\],27.485µm
_1582_,27.475µm
net1380,27.46µm
u_core.u_nec_encoder.us_cnt_q\[5\],27.43µm
net1356,27.38µm
_0872_,27.375µm
net1405,27.37µm
_1745_,27.295µm
u_core.u_replay_fsm.word_q\[18\],27.265µm
_1538_,27.185µm
net1112,27.175µm
net805,27.165µm
_1709_,27.14µm
_0719_,27.12µm
_1858_,27.12µm
_1861_,27.12µm
_1685_,27µm
_1300_,26.995µm
u_core.u_replay_fsm.state_q\[1\],26.995µm
net1516,26.835µm
u_core.enc_payload\[20\],26.83µm
_0772_,26.7µm
net647,26.68µm
_0939_,26.61µm
net1597,26.61µm
net709,26.59µm
_0991_,26.545µm
_1162_,26.53µm
net1434,26.38µm
u_core.u_storage_bram.mem\[0\]\[14\],26.28µm
u_core.u_storage_bram.mem\[5\]\[14\],26.245µm
_0793_,26.23µm
_1324_,26.22µm
u_core.u_nec_encoder.frame_word\[15\],26.22µm
net1549,26.22µm
net627,26.17µm
u_core.u_output_formatter.byte_idx\[1\],26.06µm
net766,26.06µm
net795,26.05µm
_1018_,26.04µm
_1229_,26.04µm
net1002,25.94µm
_1193_,25.92µm
_0871_,25.88µm
net1169,25.87µm
_1059_,25.86µm
_1024_,25.825µm
_1346_,25.74µm
_1380_,25.7µm
_0818_,25.69µm
net1310,25.69µm
net1341,25.68µm
_0908_,25.64µm
_1348_,25.62µm
_1316_,25.57µm
u_core.u_storage_bram.mem\[3\]\[5\],25.57µm
net783,25.535µm
_0886_,25.525µm
_1635_,25.46µm
_0819_,25.365µm
_0739_,25.32µm
_0957_,25.32µm
_1263_,25.32µm
u_core.u_output_formatter.address_reg\[6\],25.27µm
_0965_,25.205µm
_1899_,25.2µm
_0985_,25.18µm
net1035,25.165µm
u_core.u_recorder.wait_cnt_q\[9\],25.15µm
_1138_,25.14µm
_1977_,25.125µm
net718,25.12µm
_0087_,25.095µm
_1397_,25.09µm
u_core.u_storage_bram.mem\[0\]\[9\],25.09µm
u_core.u_storage_bram.mem\[1\]\[23\],25.09µm
u_core.led_uart_cnt_q\[1\],25.065µm
net749,25.04µm
u_core.hb_counter_q\[16\],25.02µm
net1608,25µm
net773,24.985µm
u_core.led_err_cnt_q\[18\],24.87µm
_1368_,24.86µm
_0916_,24.85µm
u_core.hb_counter_q\[10\],24.825µm
_1199_,24.79µm
net1414,24.755µm
u_core.enc_payload\[19\],24.685µm
u_core.led_ok_cnt_q\[16\],24.67µm
u_core.u_nec_decoder.current_state\[2\],24.55µm
u_core.led_ok_cnt_q\[15\],24.5µm
net546,24.5µm
net1065,24.5µm
_0828_,24.49µm
_1115_,24.49µm
net1545,24.475µm
_1533_,24.385µm
_1847_,24.36µm
net1508,24.325µm
_0891_,24.32µm
u_core.hb_counter_q\[12\],24.265µm
u_core.led_uart_cnt_q\[12\],24.18µm
_1025_,24.14µm
_1030_,24.12µm
_1563_,24.07µm
u_core.u_ir_tx.div_cnt_q\[2\],24.06µm
net793,24.02µm
u_core.u_replay_fsm.replay_req_q,24.01µm
_1912_,24µm
_1140_,23.92µm
_0932_,23.85µm
_0873_,23.84µm
net635,23.83µm
net1366,23.79µm
_1572_,23.78µm
u_core.u_nec_encoder.frame_word\[3\],23.76µm
u_core.u_nec_encoder.frame_word\[16\],23.755µm
net1091,23.72µm
_1190_,23.71µm
u_core.led_err_cnt_q\[1\],23.705µm
_1319_,23.7µm
net694,23.65µm
_0864_,23.64µm
_1342_,23.62µm
_1992_,23.565µm
net775,23.545µm
net789,23.47µm
_0468_,23.41µm
_1173_,23.41µm
_1333_,23.4µm
net690,23.4µm
u_core.u_uart_tx.baud_cnt\[1\],23.38µm
net833,23.34µm
net737,23.29µm
_1566_,23.28µm
net972,23.265µm
u_core.u_recorder.wait_cnt_q\[11\],23.17µm
u_core.u_storage_bram.mem\[1\]\[15\],23.17µm
_0970_,23.13µm
net1645,23.11µm
net707,23.065µm
u_core.u_storage_bram.mem\[2\]\[16\],23.04µm
_1876_,22.99µm
u_core.u_recorder.wait_cnt_q\[1\],22.98µm
_1392_,22.93µm
net1029,22.93µm
net1441,22.925µm
slot_sel[0],22.88µm
u_core.led_uart_cnt_q\[16\],22.87µm
_1207_,22.8µm
_0783_,22.77µm
_1579_,22.76µm
_1669_,22.74µm
_0926_,22.69µm
net1469,22.69µm
_0968_,22.62µm
u_core.u_storage_bram.mem\[5\]\[17\],22.62µm
net569,22.62µm
u_core.u_storage_bram.mem\[6\]\[14\],22.585µm
_1354_,22.57µm
net1361,22.52µm
_0843_,22.51µm
_0988_,22.39µm
_1274_,22.39µm
net926,22.39µm
_0896_,22.38µm
net1586,22.34µm
_1276_,22.32µm
net712,22.22µm
u_core.u_storage_bram.mem\[3\]\[14\],22.21µm
_0923_,22.14µm
_1602_,22.14µm
_1620_,22.105µm
_0734_,22.1µm
_1645_,22.1µm
u_core.enc_payload\[9\],22.09µm
_1045_,22.08µm
net710,22.04µm
net1101,22.04µm
_0977_,22.03µm
u_core.u_uart_tx.baud_cnt\[7\],21.98µm
_1012_,21.97µm
net893,21.97µm
net1512,21.96µm
net1014,21.945µm
_1004_,21.9µm
net848,21.87µm
net853,21.86µm
net856,21.86µm
net871,21.86µm
u_core.u_recorder.wait_cnt_q\[2\],21.745µm
_0898_,21.725µm
u_core.pulse_width\[15\],21.7µm
_1358_,21.66µm
_0959_,21.61µm
_0081_,21.56µm
net873,21.56µm
u_core.u_storage_bram.mem\[3\]\[23\],21.545µm
_0850_,21.54µm
u_core.u_replay_fsm.state_q\[2\],21.535µm
u_core.enc_payload\[13\],21.49µm
u_core.tick_cnt_q\[1\],21.49µm
u_core.u_uart_tx.baud_cnt\[4\],21.48µm
_0883_,21.43µm
_0934_,21.43µm
net1631,21.42µm
net1527,21.4µm
net552,21.37µm
busy,21.365µm
_1803_,21.36µm
net807,21.26µm
u_core.u_storage_bram.mem\[5\]\[20\],21.25µm
net1643,21.25µm
net1400,21.245µm
_0211_,21.18µm
net1136,21.175µm
_1646_,21.155µm
_1029_,21.15µm
u_core.u_recorder.wait_cnt_q\[5\],21.145µm
u_core.u_storage_bram.mem\[4\]\[1\],21.145µm
_1649_,21.14µm
net1675,21.105µm
_0090_,21.07µm
u_core.u_storage_bram.mem\[3\]\[20\],21.07µm
_0924_,21.06µm
_1756_,21.06µm
_1009_,21.045µm
u_core.u_nec_encoder.frame_word\[12\],21.01µm
_1701_,21µm
net600,20.96µm
_0086_,20.95µm
net1626,20.935µm
_1232_,20.88µm
_1310_,20.875µm
u_core.u_storage_bram.mem\[5\]\[10\],20.835µm
u_core.u_storage_bram.mem\[2\]\[24\],20.83µm
u_core.u_nec_decoder.since_valid_cnt\[13\],20.82µm
u_core.u_recorder.wait_cnt_q\[21\],20.815µm
_0870_,20.795µm
_1527_,20.785µm
_1373_,20.78µm
_1719_,20.76µm
_0796_,20.74µm
u_core.u_storage_bram.mem\[2\]\[3\],20.73µm
error,20.73µm
u_core.led_ok_cnt_q\[0\],20.7µm
_0892_,20.68µm
net1482,20.675µm
_0731_,20.65µm
_1360_,20.65µm
u_core.u_uart_tx.baud_cnt\[6\],20.65µm
_1941_,20.59µm
u_core.u_storage_bram.mem\[5\]\[19\],20.59µm
net1391,20.59µm
_0115_,20.58µm
_1485_,20.58µm
net1249,20.58µm
_1343_,20.565µm
net777,20.53µm
net1610,20.53µm
net974,20.475µm
u_core.u_nec_encoder.frame_word\[18\],20.47µm
net721,20.47µm
_1824_,20.465µm
u_core.u_nec_decoder.since_valid_cnt\[1\],20.41µm
ld1,20.36µm
net1160,20.36µm
u_core.u_storage_bram.mem\[2\]\[13\],20.35µm
_1747_,20.34µm
_1705_,20.335µm
net903,20.31µm
u_core.enc_payload\[23\],20.3µm
_1166_,20.29µm
u_core.led_err_cnt_q\[11\],20.29µm
net803,20.29µm
net1371,20.29µm
net1303,20.285µm
record_req,20.24µm
replay_req,20.24µm
slot_sel[2],20.24µm
u_core.led_ok_cnt_q\[14\],20.22µm
u_core.u_storage_bram.mem\[1\]\[20\],20.22µm
net1403,20.19µm
_1122_,20.18µm
_1144_,20.18µm
net1304,20.17µm
_0735_,20.165µm
u_core.u_recorder.state_q\[2\],20.16µm
_1596_,20.1µm
_1891_,20.1µm
_0801_,20.025µm
net8,19.99µm
net1674,19.99µm
net1132,19.95µm
_1394_,19.93µm
_1683_,19.93µm
net1564,19.93µm
net1571,19.92µm
u_core.hb_counter_q\[4\],19.86µm
u_core.u_storage_bram.mem\[1\]\[24\],19.86µm
_1094_,19.84µm
u_core.u_storage_bram.mem\[0\]\[13\],19.81µm
u_core.u_storage_bram.mem\[0\]\[8\],19.81µm
u_core.u_storage_bram.mem\[6\]\[20\],19.81µm
net947,19.81µm
net992,19.81µm
u_core.u_storage_bram.mem\[0\]\[2\],19.75µm
_1657_,19.74µm
u_core.u_storage_bram.mem\[4\]\[21\],19.715µm
net1077,19.715µm
u_core.u_storage_bram.mem\[7\]\[5\],19.705µm
u_core.u_storage_bram.mem\[7\]\[6\],19.705µm
_1341_,19.695µm
u_core.u_storage_bram.mem\[0\]\[24\],19.68µm
net840,19.64µm
u_core.u_storage_bram.mem\[0\]\[17\],19.635µm
net816,19.615µm
net1294,19.605µm
_1070_,19.595µm
u_core.u_nec_encoder.frame_word\[11\],19.57µm
_1027_,19.565µm
_1398_,19.56µm
_1760_,19.56µm
u_core.replay_fire,19.56µm
net1365,19.56µm
net1198,19.51µm
_0820_,19.505µm
_1188_,19.5µm
_0953_,19.46µm
u_core.edge_fall,19.46µm
_2001_,19.45µm
u_core.u_output_formatter.byte_idx\[0\],19.45µm
u_core.u_output_formatter.state\[2\],19.45µm
net637,19.45µm
net1125,19.45µm
net447,19.44µm
u_core.u_storage_bram.mem\[0\]\[3\],19.44µm
net1580,19.425µm
net1243,19.415µm
rec_done,19.4µm
net1463,19.38µm
u_core.u_storage_bram.mem\[5\]\[12\],19.33µm
net639,19.33µm
net797,19.33µm
_1998_,19.32µm
slot_sel[1],19.28µm
net770,19.245µm
u_core.u_storage_bram.mem\[2\]\[14\],19.15µm
_0941_,19.09µm
u_core.u_storage_bram.mem\[3\]\[13\],19.065µm
u_core.u_recorder.wait_cnt_q\[4\],19.005µm
_1575_,18.97µm
u_core.u_storage_bram.mem\[0\]\[1\],18.97µm
net652,18.97µm
net1041,18.97µm
net1588,18.96µm
_1797_,18.91µm
net1172,18.91µm
_1679_,18.9µm
u_core.u_storage_bram.mem\[3\]\[19\],18.87µm
net645,18.865µm
net1432,18.865µm
_1034_,18.86µm
_1135_,18.84µm
net1654,18.81µm
_0844_,18.73µm
_2015_,18.73µm
net389,18.73µm
net1012,18.73µm
_1152_,18.72µm
_1766_,18.66µm
_2026_,18.66µm
u_core.u_output_formatter.byte_idx\[3\],18.645µm
u_core.u_storage_bram.mem\[4\]\[10\],18.6µm
net1307,18.57µm
u_core.u_uart_tx.bit_idx\[2\],18.55µm
u_core.u_storage_bram.mem\[2\]\[11\],18.54µm
net1345,18.505µm
u_core.led_err_cnt_q\[12\],18.5µm
u_core.u_storage_bram.mem\[7\]\[7\],18.5µm
_1481_,18.49µm
u_core.u_nec_encoder.us_cnt_q\[0\],18.49µm
net610,18.445µm
u_core.edge_rise,18.44µm
ld2,18.44µm
ld3,18.44µm
ld4,18.44µm
ld5,18.44µm
u_core.u_storage_bram.mem\[1\]\[21\],18.42µm
_1118_,18.395µm
net562,18.395µm
_0653_,18.37µm
net830,18.37µm
u_core.u_storage_bram.mem\[4\]\[24\],18.36µm
ir_in,18.36µm
_1733_,18.31µm
net1552,18.31µm
u_core.u_storage_bram.mem\[2\]\[6\],18.265µm
net1373,18.26µm
_0073_,18.25µm
u_core.u_storage_bram.mem\[1\]\[7\],18.225µm
u_core.u_storage_bram.mem\[3\]\[16\],18.19µm
_0960_,18.18µm
_1954_,18.18µm
u_core.u_storage_bram.mem\[4\]\[20\],18.135µm
net612,18.115µm
net605,18.105µm
_0546_,18.07µm
u_core.u_storage_bram.mem\[2\]\[19\],18.07µm
u_core.u_storage_bram.mem\[2\]\[18\],18.06µm
u_core.u_storage_bram.mem\[2\]\[9\],18.06µm
net787,18.025µm
_1326_,18.01µm
u_core.u_storage_bram.mem\[0\]\[22\],18.01µm
_1068_,18.005µm
u_core.u_storage_bram.mem\[2\]\[1\],18µm
_0722_,17.985µm
_0884_,17.96µm
_1791_,17.95µm
u_core.u_storage_bram.mem\[4\]\[23\],17.905µm
net730,17.905µm
_1043_,17.9µm
u_core.led_err_cnt_q\[17\],17.89µm
u_core.u_storage_bram.mem\[5\]\[11\],17.89µm
net643,17.89µm
u_core.u_uart_tx.baud_cnt\[8\],17.87µm
_1212_,17.86µm
_1042_,17.84µm
_0791_,17.83µm
_0720_,17.82µm
_0809_,17.82µm
_0088_,17.785µm
u_core.u_output_formatter.address_reg\[3\],17.78µm
_1291_,17.76µm
net555,17.76µm
net941,17.76µm
net1447,17.72µm
u_core.u_storage_bram.mem\[3\]\[3\],17.71µm
_0717_,17.7µm
u_core.u_storage_bram.mem\[2\]\[21\],17.695µm
net1583,17.685µm
u_core.u_storage_bram.mem\[2\]\[22\],17.665µm
u_core.u_storage_bram.mem\[0\]\[21\],17.655µm
_1926_,17.65µm
net1669,17.65µm
_0402_,17.64µm
_1278_,17.64µm
_1287_,17.64µm
_1761_,17.64µm
u_core.u_storage_bram.mem\[0\]\[5\],17.635µm
_0673_,17.61µm
u_core.u_storage_bram.mem\[5\]\[1\],17.59µm
net1555,17.59µm
u_core.pulse_width\[0\],17.54µm
u_core.u_storage_bram.mem\[1\]\[4\],17.54µm
_1339_,17.53µm
net933,17.53µm
_1062_,17.52µm
_1828_,17.52µm
_1051_,17.515µm
net587,17.485µm
u_core.u_storage_bram.mem\[2\]\[20\],17.47µm
u_core.u_storage_bram.mem\[6\]\[6\],17.42µm
u_core.led_uart_cnt_q\[18\],17.41µm
_1321_,17.4µm
u_core.u_storage_bram.mem\[1\]\[1\],17.35µm
net621,17.35µm
_1167_,17.34µm
net397,17.325µm
_0905_,17.26µm
_1732_,17.255µm
_0840_,17.23µm
u_core.mem_wr_data\[0\],17.23µm
u_core.u_storage_bram.mem\[6\]\[21\],17.23µm
net1210,17.23µm
_0010_,17.22µm
_0992_,17.22µm
_0909_,17.195µm
net733,17.195µm
_0779_,17.18µm
_1539_,17.175µm
_1146_,17.17µm
net1200,17.17µm
net1237,17.17µm
net658,17.12µm
_1720_,17.1µm
_1849_,17.1µm
_1107_,17.05µm
_1371_,17.05µm
_1727_,17.05µm
_1793_,17.04µm
_1863_,17.04µm
_0879_,17.035µm
_0888_,16.995µm
_1556_,16.99µm
_1583_,16.99µm
_1752_,16.99µm
net16,16.98µm
_1741_,16.975µm
_0733_,16.94µm
_1739_,16.94µm
_0326_,16.93µm
_0716_,16.93µm
_1148_,16.93µm
u_core.u_storage_bram.mem\[0\]\[10\],16.93µm
u_core.u_storage_bram.mem\[6\]\[0\],16.93µm
_2007_,16.92µm
net1547,16.87µm
_0925_,16.81µm
_1217_,16.81µm
u_core.u_storage_bram.mem\[3\]\[7\],16.785µm
u_core.u_storage_bram.mem\[3\]\[9\],16.75µm
u_core.u_storage_bram.mem\[6\]\[22\],16.75µm
net1475,16.75µm
_1737_,16.74µm
_1191_,16.715µm
_1076_,16.68µm
_1218_,16.68µm
_1681_,16.68µm
net857,16.675µm
_1560_,16.63µm
u_core.led_err_cnt_q\[5\],16.63µm
net648,16.63µm
net1196,16.63µm
net1222,16.63µm
_1724_,16.6µm
net542,16.58µm
net881,16.58µm
_1037_,16.57µm
u_core.u_storage_bram.mem\[4\]\[0\],16.57µm
net1006,16.57µm
_0903_,16.56µm
_1817_,16.56µm
u_core.u_nec_decoder.bit_counter\[5\],16.56µm
u_core.led_err_cnt_q\[4\],16.51µm
net745,16.465µm
_0863_,16.45µm
_1099_,16.45µm
_1823_,16.45µm
net1183,16.45µm
net523,16.44µm
_1831_,16.425µm
net1349,16.41µm
_0540_,16.39µm
_0727_,16.39µm
u_core.u_storage_bram.mem\[4\]\[18\],16.39µm
u_core.u_storage_bram.mem\[4\]\[9\],16.39µm
u_core.u_nec_decoder.since_valid_cnt\[6\],16.38µm
u_core.u_storage_bram.mem\[3\]\[24\],16.38µm
_1540_,16.35µm
u_core.u_storage_bram.mem\[4\]\[12\],16.345µm
u_core.u_storage_bram.mem\[6\]\[10\],16.345µm
_0825_,16.33µm
u_core.u_storage_bram.mem\[1\]\[11\],16.33µm
u_core.u_storage_bram.mem\[7\]\[10\],16.33µm
_1214_,16.32µm
_1015_,16.315µm
_1714_,16.29µm
_0972_,16.27µm
net687,16.26µm
net1008,16.26µm
_1448_,16.225µm
_0069_,16.21µm
_0651_,16.21µm
_1919_,16.21µm
_1985_,16.2µm
_0973_,16.15µm
u_core.u_storage_bram.mem\[3\]\[6\],16.15µm
net1192,16.15µm
u_core.mem_wr_addr\[0\],16.145µm
_0005_,16.14µm
net1253,16.14µm
_0753_,16.13µm
net1409,16.09µm
_0164_,16.08µm
_0239_,16.08µm
_0316_,16.08µm
_1970_,16.08µm
net515,16.08µm
net1591,16.08µm
net1661,16.065µm
_1101_,16.04µm
_1659_,16.03µm
u_core.u_storage_bram.mem\[5\]\[22\],16.02µm
net1406,15.99µm
u_core.u_nec_decoder.wait_for_space,15.98µm
net728,15.98µm
_1054_,15.97µm
_1812_,15.97µm
u_core.u_storage_bram.mem\[5\]\[7\],15.97µm
u_core.u_storage_bram.mem\[6\]\[8\],15.97µm
_1395_,15.96µm
_1500_,15.96µm
u_core.u_storage_bram.mem\[1\]\[0\],15.96µm
net799,15.945µm
_1170_,15.92µm
u_core.u_storage_bram.mem\[5\]\[15\],15.91µm
net663,15.91µm
net1609,15.9µm
_1087_,15.89µm
net734,15.875µm
net674,15.87µm
u_core.u_storage_bram.mem\[5\]\[23\],15.86µm
net811,15.86µm
_0737_,15.85µm
net935,15.85µm
net559,15.84µm
net1086,15.825µm
_0078_,15.79µm
u_core.u_uart_tx.shift_reg\[0\],15.79µm
net731,15.79µm
net1272,15.79µm
_1142_,15.78µm
_1896_,15.78µm
net914,15.78µm
net954,15.78µm
net1577,15.745µm
_1535_,15.73µm
net469,15.73µm
net1175,15.73µm
net1199,15.73µm
_1736_,15.72µm
net510,15.72µm
net1517,15.715µm
u_core.u_nec_decoder.cmd_inv\[2\],15.69µm
u_core.u_recorder.wait_cnt_q\[8\],15.68µm
_1245_,15.66µm
net1452,15.655µm
net1531,15.655µm
net566,15.62µm
_1528_,15.61µm
_1955_,15.61µm
u_core.enc_payload\[10\],15.61µm
net1234,15.61µm
net1288,15.61µm
u_core.u_pulse_timer.counter\[17\],15.605µm
_1902_,15.6µm
net424,15.6µm
u_core.u_nec_decoder.addr_inv\[2\],15.6µm
net1602,15.595µm
net907,15.56µm
_0291_,15.54µm
net1218,15.525µm
u_core.u_recorder.wait_cnt_q\[14\],15.5µm
net1590,15.5µm
_0147_,15.49µm
net528,15.49µm
u_core.u_storage_bram.mem\[1\]\[13\],15.43µm
_1515_,15.39µm
u_core.led_ok_cnt_q\[12\],15.385µm
_1594_,15.37µm
net665,15.36µm
u_core.u_storage_bram.mem\[5\]\[3\],15.355µm
_0838_,15.345µm
net698,15.33µm
_1989_,15.325µm
u_core.u_storage_bram.mem\[7\]\[1\],15.32µm
net913,15.32µm
u_core.u_storage_bram.mem\[3\]\[1\],15.31µm
u_core.u_storage_bram.mem\[6\]\[11\],15.31µm
_0950_,15.28µm
_1479_,15.25µm
_1809_,15.25µm
u_core.u_storage_bram.mem\[3\]\[21\],15.25µm
net1176,15.25µm
net1190,15.25µm
net1496,15.25µm
net19,15.24µm
u_core.u_storage_bram.mem\[3\]\[0\],15.2µm
_0650_,15.19µm
_0830_,15.19µm
net1147,15.19µm
net1642,15.18µm
u_core.pulse_width\[16\],15.175µm
net1367,15.175µm
_0049_,15.145µm
_1643_,15.14µm
_0182_,15.13µm
_1463_,15.13µm
net422,15.13µm
u_core.u_uart_tx.baud_cnt\[9\],15.13µm
net656,15.13µm
net1387,15.13µm
net1492,15.13µm
_1315_,15.125µm
_0185_,15.12µm
net355,15.12µm
net365,15.12µm
net514,15.12µm
net558,15.09µm
_0994_,15.07µm
_1991_,15.07µm
_2011_,15.07µm
u_core.u_pulse_timer.counter\[10\],15.07µm
_1201_,15.06µm
u_core.u_storage_bram.mem\[6\]\[19\],15.025µm
net411,15.01µm
_1787_,14.985µm
net623,14.94µm
_0278_,14.9µm
_1347_,14.9µm
net762,14.89µm
net1479,14.89µm
net1188,14.88µm
_0784_,14.865µm
_1366_,14.83µm
_1703_,14.83µm
u_core.hb_counter_q\[3\],14.83µm
net976,14.83µm
net1032,14.83µm
net1159,14.83µm
net1185,14.83µm
net1348,14.83µm
_0085_,14.82µm
_1453_,14.82µm
_0729_,14.805µm
_1775_,14.77µm
u_core.enc_payload\[14\],14.77µm
u_core.u_storage_bram.mem\[3\]\[18\],14.77µm
net1078,14.77µm
net1139,14.77µm
net1407,14.77µm
_1952_,14.76µm
net441,14.76µm
_0781_,14.755µm
net791,14.72µm
_0654_,14.71µm
_1653_,14.71µm
_0453_,14.7µm
_1176_,14.7µm
_1689_,14.7µm
net575,14.695µm
_0774_,14.65µm
_0099_,14.64µm
net403,14.64µm
_1130_,14.61µm
_0329_,14.59µm
_0333_,14.59µm
_1506_,14.59µm
u_core.u_storage_bram.mem\[7\]\[12\],14.58µm
u_core.u_nec_decoder.addr_inv\[4\],14.55µm
u_core.u_storage_bram.mem\[3\]\[12\],14.545µm
net1411,14.54µm
net1542,14.54µm
_1494_,14.52µm
net860,14.52µm
u_core.u_storage_bram.mem\[6\]\[15\],14.475µm
net945,14.44µm
_1562_,14.425µm
net1464,14.425µm
_0585_,14.41µm
net931,14.41µm
net1525,14.41µm
_1067_,14.4µm
u_core.u_storage_bram.mem\[3\]\[2\],14.35µm
net862,14.35µm
net1031,14.35µm
net1064,14.35µm
net1073,14.35µm
net1129,14.35µm
net1457,14.35µm
_0723_,14.34µm
_1384_,14.34µm
u_core.u_storage_bram.mem\[5\]\[16\],14.34µm
u_core.u_storage_bram.mem\[7\]\[15\],14.335µm
_0855_,14.325µm
_1318_,14.31µm
net631,14.31µm
_0055_,14.29µm
u_core.enc_payload\[21\],14.29µm
u_core.u_storage_bram.mem\[6\]\[12\],14.29µm
net1163,14.29µm
_0541_,14.28µm
_1439_,14.28µm
net516,14.28µm
u_core.u_storage_bram.mem\[4\]\[8\],14.275µm
_1780_,14.25µm
_1743_,14.23µm
_1853_,14.23µm
u_core.u_storage_bram.mem\[1\]\[19\],14.23µm
_1661_,14.22µm
net1037,14.215µm
net1231,14.185µm
_0418_,14.17µm
_1433_,14.17µm
_0913_,14.16µm
_1221_,14.16µm
_1892_,14.16µm
net360,14.16µm
net473,14.16µm
u_core.u_storage_bram.mem\[7\]\[3\],14.15µm
net1053,14.13µm
net1103,14.13µm
u_core.u_storage_bram.mem\[4\]\[3\],14.11µm
_1036_,14.075µm
net633,14.07µm
u_core.u_storage_bram.mem\[0\]\[0\],13.99µm
net866,13.98µm
net875,13.98µm
net1056,13.98µm
net1058,13.98µm
net1241,13.94µm
_0816_,13.93µm
u_core.u_storage_bram.mem\[7\]\[9\],13.93µm
net855,13.93µm
net861,13.93µm
u_core.u_uart_tx.baud_cnt\[0\],13.92µm
net1167,13.92µm
u_core.u_storage_bram.mem\[0\]\[7\],13.905µm
net1173,13.89µm
_0568_,13.87µm
_0584_,13.87µm
net1039,13.87µm
net1072,13.87µm
net1166,13.87µm
_0598_,13.86µm
u_core.u_storage_bram.mem\[7\]\[2\],13.86µm
_0664_,13.84µm
_1357_,13.825µm
u_core.u_storage_bram.mem\[4\]\[14\],13.825µm
_0039_,13.81µm
_0738_,13.81µm
_1028_,13.81µm
_1393_,13.81µm
_1449_,13.81µm
net2,13.81µm
net1621,13.81µm
net1438,13.805µm
_1605_,13.795µm
_1634_,13.75µm
net679,13.75µm
_1455_,13.705µm
net589,13.705µm
_0676_,13.7µm
_1545_,13.7µm
_1713_,13.7µm
u_core.u_storage_bram.mem\[2\]\[15\],13.7µm
u_core.u_storage_bram.mem\[5\]\[24\],13.7µm
_1402_,13.69µm
_2002_,13.69µm
net352,13.69µm
u_core.u_storage_bram.mem\[2\]\[8\],13.69µm
_0144_,13.68µm
_1834_,13.68µm
net405,13.68µm
net484,13.68µm
net506,13.68µm
_0771_,13.65µm
_1465_,13.65µm
_1577_,13.62µm
_1273_,13.57µm
_2010_,13.57µm
u_core.u_uart_tx.shift_reg\[4\],13.555µm
net1500,13.545µm
u_core.u_storage_bram.mem\[0\]\[11\],13.52µm
_0214_,13.51µm
_1544_,13.5µm
net815,13.5µm
_1557_,13.45µm
u_core.mem_rd_addr\[1\],13.45µm
net813,13.45µm
net984,13.45µm
net1070,13.45µm
_1185_,13.44µm
net1082,13.44µm
net1164,13.44µm
_0552_,13.39µm
_0976_,13.39µm
_1499_,13.39µm
u_core.u_storage_bram.mem\[2\]\[5\],13.39µm
u_core.u_storage_bram.mem\[7\]\[0\],13.39µm
net894,13.39µm
net1120,13.39µm
net1673,13.39µm
_0556_,13.38µm
_1923_,13.38µm
u_core.u_storage_bram.mem\[3\]\[15\],13.38µm
net800,13.38µm
_0566_,13.33µm
_1174_,13.33µm
_1768_,13.33µm
_1869_,13.33µm
net363,13.33µm
net1328,13.33µm
net1352,13.33µm
net351,13.32µm
net428,13.32µm
net536,13.32µm
u_core.u_storage_bram.mem\[2\]\[0\],13.32µm
net567,13.32µm
net618,13.32µm
net660,13.32µm
u_core.led_err_cnt_q\[15\],13.315µm
net571,13.28µm
_0942_,13.27µm
_1765_,13.27µm
u_core.u_storage_bram.mem\[1\]\[12\],13.27µm
_0143_,13.26µm
_1607_,13.26µm
_1841_,13.26µm
u_core.hb_counter_q\[20\],13.26µm
_0665_,13.2µm
_1804_,13.2µm
net346,13.2µm
net375,13.2µm
net532,13.2µm
u_core.led_ok_cnt_q\[11\],13.195µm
u_core.u_storage_bram.mem\[2\]\[2\],13.16µm
_0630_,13.155µm
_1779_,13.15µm
_1979_,13.15µm
_1161_,13.14µm
_1460_,13.14µm
u_core.u_storage_bram.mem\[1\]\[22\],13.14µm
net1530,13.105µm
_0121_,13.09µm
_0202_,13.09µm
_0271_,13.09µm
_0277_,13.09µm
_0542_,13.09µm
_0563_,13.09µm
_0899_,13.09µm
net509,13.09µm
net537,13.08µm
net726,13.055µm
net1520,13.03µm
_1914_,12.97µm
_1976_,12.97µm
u_core.mem_wr_data\[22\],12.97µm
_0448_,12.96µm
_1050_,12.96µm
_1874_,12.96µm
u_core.u_storage_bram.mem\[2\]\[7\],12.96µm
_0412_,12.91µm
net924,12.91µm
net991,12.91µm
net1534,12.91µm
net1679,12.91µm
_0011_,12.9µm
_1095_,12.9µm
u_core.led_err_cnt_q\[0\],12.9µm
_0486_,12.85µm
_1108_,12.85µm
_1865_,12.85µm
_1967_,12.85µm
net1278,12.85µm
net374,12.84µm
net390,12.84µm
net456,12.84µm
net475,12.84µm
net487,12.84µm
net1518,12.84µm
_1044_,12.835µm
net1116,12.79µm
_0072_,12.78µm
_0466_,12.78µm
_0321_,12.765µm
u_core.u_storage_bram.mem\[3\]\[22\],12.765µm
_0414_,12.73µm
_1286_,12.73µm
_1521_,12.73µm
_1604_,12.73µm
_1913_,12.73µm
u_core.u_storage_bram.mem\[4\]\[15\],12.73µm
_0213_,12.72µm
_0235_,12.72µm
_0249_,12.72µm
_0258_,12.72µm
_1074_,12.72µm
_1860_,12.72µm
_1907_,12.72µm
net409,12.72µm
net460,12.72µm
u_core.u_replay_fsm.word_q\[11\],12.72µm
u_core.u_storage_bram.mem\[5\]\[5\],12.72µm
_1329_,12.71µm
net1567,12.67µm
_1638_,12.64µm
_0911_,12.61µm
_0951_,12.61µm
net378,12.61µm
_0020_,12.6µm
net1068,12.6µm
net1146,12.585µm
net1224,12.54µm
_1783_,12.49µm
_0027_,12.48µm
_0672_,12.48µm
_0724_,12.48µm
_1098_,12.48µm
_1225_,12.48µm
net1273,12.48µm
net1459,12.48µm
_0725_,12.43µm
u_core.u_storage_bram.mem\[4\]\[17\],12.43µm
net908,12.43µm
net1088,12.43µm
_1352_,12.42µm
net666,12.42µm
u_core.led_uart_cnt_q\[19\],12.38µm
_0000_,12.37µm
_0910_,12.37µm
_1344_,12.37µm
_1790_,12.37µm
_1835_,12.37µm
net492,12.37µm
u_core.u_storage_bram.mem\[4\]\[6\],12.37µm
net910,12.37µm
_1673_,12.36µm
net386,12.36µm
net494,12.36µm
net497,12.36µm
net520,12.36µm
_1381_,12.355µm
_1728_,12.355µm
u_core.u_storage_bram.mem\[5\]\[0\],12.355µm
u_core.mem_rd_valid,12.345µm
net1466,12.325µm
u_core.u_storage_bram.mem\[3\]\[11\],12.32µm
net573,12.32µm
u_core.u_recorder.wait_cnt_q\[12\],12.31µm
_0156_,12.3µm
_0811_,12.26µm
_1158_,12.25µm
_1209_,12.25µm
_1252_,12.25µm
_1401_,12.25µm
_1830_,12.25µm
_0116_,12.24µm
_1055_,12.24µm
_1840_,12.24µm
_1983_,12.24µm
net340,12.24µm
net347,12.24µm
net356,12.24µm
net361,12.24µm
net387,12.24µm
net458,12.24µm
net488,12.24µm
net527,12.24µm
_1369_,12.2µm
u_core.u_storage_bram.mem\[2\]\[23\],12.18µm
_0833_,12.14µm
_0177_,12.13µm
_0989_,12.13µm
net485,12.13µm
u_core.u_storage_bram.mem\[1\]\[14\],12.105µm
net615,12.075µm
_0226_,12.06µm
u_core.hb_counter_q\[5\],12.06µm
net1235,12.06µm
_0827_,12.04µm
net1381,12.03µm
_0760_,12.01µm
_0940_,12.01µm
net846,12.01µm
_0523_,11.95µm
_1722_,11.95µm
_1806_,11.95µm
_1852_,11.95µm
net897,11.95µm
net1076,11.95µm
net1145,11.95µm
_0186_,11.94µm
_0187_,11.94µm
_0948_,11.94µm
_0952_,11.94µm
_1230_,11.94µm
_1399_,11.94µm
_1686_,11.94µm
net1633,11.94µm
_1362_,11.905µm
_1117_,11.89µm
_1120_,11.89µm
_1248_,11.89µm
_0234_,11.88µm
_0322_,11.88µm
_0798_,11.88µm
net412,11.88µm
net525,11.88µm
net1214,11.88µm
_1933_,11.83µm
u_core.u_recorder.wait_cnt_q\[16\],11.83µm
_1374_,11.82µm
_1383_,11.78µm
u_core.u_storage_bram.mem\[6\]\[18\],11.78µm
net759,11.78µm
net1574,11.78µm
_1364_,11.77µm
_0196_,11.76µm
_0207_,11.76µm
_0259_,11.76µm
_1616_,11.76µm
net366,11.76µm
net373,11.76µm
net401,11.76µm
net482,11.76µm
_1331_,11.715µm
_1825_,11.71µm
u_core.u_storage_bram.mem\[1\]\[18\],11.7µm
net560,11.67µm
net1561,11.66µm
_0152_,11.65µm
_0158_,11.65µm
_0253_,11.65µm
_0310_,11.65µm
net561,11.65µm
_1256_,11.64µm
net657,11.64µm
u_core.u_storage_bram.mem\[5\]\[8\],11.625µm
net1313,11.59µm
net1435,11.59µm
_0575_,11.58µm
net708,11.58µm
net1121,11.58µm
_0526_,11.53µm
_0602_,11.53µm
_1942_,11.53µm
net1180,11.53µm
_0044_,11.52µm
net1397,11.52µm
_1526_,11.5µm
net837,11.48µm
_0252_,11.47µm
_1200_,11.47µm
_1309_,11.47µm
_1421_,11.47µm
_1704_,11.47µm
_1968_,11.47µm
net1601,11.47µm
_0173_,11.46µm
_0488_,11.46µm
_1503_,11.46µm
_1662_,11.46µm
_1710_,11.46µm
_1773_,11.46µm
_1796_,11.46µm
_1924_,11.46µm
_0406_,11.41µm
_0500_,11.41µm
_0803_,11.41µm
_1090_,11.41µm
_1426_,11.41µm
net912,11.41µm
net1388,11.41µm
_0407_,11.4µm
_0473_,11.4µm
_0601_,11.4µm
_1925_,11.4µm
net349,11.4µm
net406,11.4µm
net420,11.4µm
_0631_,11.37µm
u_core.u_storage_bram.mem\[4\]\[22\],11.365µm
_1567_,11.35µm
_1755_,11.35µm
_1764_,11.35µm
net1024,11.35µm
_1644_,11.34µm
u_core.u_output_formatter.command_reg\[1\],11.31µm
_0835_,11.3µm
_0930_,11.3µm
_0752_,11.29µm
_1483_,11.29µm
_1999_,11.29µm
_0145_,11.28µm
_0155_,11.28µm
_0369_,11.28µm
_0859_,11.28µm
_1109_,11.28µm
u_core.u_nec_decoder.since_valid_cnt\[18\],11.28µm
_0109_,11.25µm
_0974_,11.17µm
_1048_,11.17µm
_1363_,11.17µm
_1666_,11.17µm
_1906_,11.17µm
_1922_,11.17µm
net535,11.17µm
_1387_,11.1µm
_1416_,11.1µm
_1618_,11.1µm
_1829_,11.1µm
u_core.u_storage_bram.mem\[1\]\[17\],11.1µm
net1161,11.1µm
net1212,11.1µm
net1266,11.1µm
_0887_,11.085µm
u_core.u_storage_bram.mem\[6\]\[17\],11.07µm
_0026_,11.05µm
_0452_,11.05µm
_0824_,11.05µm
_1514_,11.05µm
_1928_,11.05µm
net1270,11.05µm
_0032_,11.04µm
_0624_,11.04µm
_0751_,11.04µm
u_core.u_replay_fsm.word_q\[9\],11.04µm
u_core.u_storage_bram.mem\[6\]\[1\],11.04µm
net1535,11.04µm
u_core.u_replay_fsm.word_q\[19\],11.03µm
_0013_,10.99µm
_0265_,10.99µm
_0550_,10.99µm
_1110_,10.99µm
_1184_,10.99µm
_1206_,10.99µm
_1541_,10.99µm
_1859_,10.99µm
u_core.u_uart_tx.shift_reg\[7\],10.99µm
net996,10.99µm
net1326,10.99µm
_1516_,10.98µm
net1480,10.94µm
_0849_,10.93µm
_1006_,10.93µm
_1327_,10.93µm
net394,10.93µm
net483,10.93µm
u_core.enc_payload\[18\],10.93µm
u_core.hb_counter_q\[22\],10.93µm
u_core.u_recorder.slot_q\[2\],10.93µm
u_core.u_replay_fsm.word_q\[29\],10.93µm
u_core.u_uart_tx.state\[1\],10.93µm
_1702_,10.92µm
u_core.u_storage_bram.mem\[0\]\[20\],10.92µm
_1813_,10.915µm
u_core.led_err_cnt_q\[14\],10.915µm
_0205_,10.9µm
_0100_,10.87µm
_0215_,10.83µm
_0410_,10.82µm
u_core.u_nec_decoder.since_valid_cnt\[12\],10.82µm
net723,10.82µm
_0533_,10.81µm
_1163_,10.81µm
_1247_,10.81µm
_1930_,10.81µm
_1969_,10.81µm
net577,10.81µm
_1440_,10.8µm
net531,10.8µm
u_core.led_ok_cnt_q\[8\],10.8µm
net550,10.75µm
net1662,10.75µm
_1608_,10.74µm
_0732_,10.735µm
u_core.u_replay_fsm.word_q\[13\],10.69µm
u_core.u_uart_tx.shift_reg\[3\],10.69µm
u_core.u_storage_bram.mem\[1\]\[5\],10.68µm
u_core.u_storage_bram.mem\[4\]\[2\],10.66µm
_0829_,10.635µm
_0031_,10.62µm
_0272_,10.62µm
_0462_,10.62µm
_1480_,10.62µm
net966,10.62µm
net973,10.62µm
net1215,10.62µm
net1295,10.62µm
u_core.u_output_formatter.command_reg\[3\],10.58µm
_0997_,10.57µm
_1848_,10.57µm
_2003_,10.57µm
u_core.hb_counter_q\[15\],10.57µm
net940,10.57µm
net962,10.57µm
net989,10.57µm
net1144,10.57µm
net1264,10.57µm
_0535_,10.56µm
_1143_,10.56µm
_1425_,10.56µm
_1753_,10.56µm
net359,10.56µm
net381,10.56µm
net432,10.56µm
net454,10.56µm
net1194,10.56µm
_0562_,10.51µm
_0836_,10.51µm
_1204_,10.51µm
_1223_,10.51µm
u_core.tick_cnt_q\[2\],10.51µm
net727,10.51µm
net1277,10.51µm
net1554,10.51µm
_1454_,10.5µm
_1522_,10.5µm
net1647,10.5µm
u_core.u_storage_bram.mem\[5\]\[21\],10.46µm
_0467_,10.45µm
_1063_,10.45µm
_1168_,10.45µm
net491,10.45µm
u_core.u_storage_bram.mem\[2\]\[17\],10.45µm
u_core.u_storage_bram.mem\[4\]\[4\],10.45µm
net742,10.45µm
net1528,10.45µm
_1947_,10.44µm
u_core.u_storage_bram.mem\[0\]\[12\],10.44µm
net654,10.44µm
_1558_,10.4µm
u_core.hb_counter_q\[2\],10.4µm
_0920_,10.39µm
u_core.led_err_cnt_q\[9\],10.39µm
_1872_,10.38µm
u_core.u_nec_decoder.since_valid_cnt\[5\],10.38µm
_0189_,10.33µm
_0274_,10.33µm
_1650_,10.33µm
u_core.led_err_cnt_q\[16\],10.33µm
_0276_,10.32µm
net380,10.32µm
net417,10.32µm
net433,10.32µm
net534,10.32µm
u_core.u_storage_bram.mem\[4\]\[7\],10.295µm
_1802_,10.27µm
u_core.u_storage_bram.mem\[7\]\[14\],10.26µm
net877,10.245µm
net1338,10.23µm
_0040_,10.2µm
net1616,10.2µm
u_core.u_storage_bram.mem\[1\]\[9\],10.175µm
_0426_,10.15µm
_0002_,10.14µm
_0394_,10.14µm
_1619_,10.14µm
_1729_,10.14µm
_1784_,10.14µm
net597,10.14µm
_1590_,10.115µm
_0946_,10.11µm
_2018_,10.09µm
net1640,10.09µm
_0411_,10.08µm
_0742_,10.08µm
_1272_,10.08µm
u_core.u_storage_bram.mem\[6\]\[4\],10.08µm
_1623_,10.035µm
_0160_,10.03µm
_0314_,10.03µm
_0384_,10.03µm
_0586_,10.03µm
_0808_,10.03µm
_1208_,10.03µm
_1782_,10.03µm
_1927_,10.03µm
_1953_,10.03µm
net899,10.03µm
net1548,10.03µm
_1151_,10.02µm
u_core.u_storage_bram.mem\[4\]\[19\],9.98µm
net1153,9.98µm
_1934_,9.97µm
net350,9.97µm
net699,9.97µm
net1335,9.97µm
u_core.u_storage_bram.mem\[0\]\[15\],9.96µm
_1231_,9.955µm
_1359_,9.955µm
net1211,9.955µm
u_core.u_storage_bram.mem\[1\]\[16\],9.94µm
_1197_,9.92µm
_0520_,9.91µm
_1510_,9.91µm
_0112_,9.9µm
u_core.u_storage_bram.mem\[7\]\[24\],9.9µm
net1316,9.9µm
net1344,9.86µm
_1289_,9.85µm
_1561_,9.85µm
_1621_,9.85µm
_1901_,9.85µm
net478,9.85µm
net1152,9.85µm
net1538,9.85µm
_0180_,9.84µm
_0309_,9.84µm
_0315_,9.84µm
_0391_,9.84µm
net392,9.84µm
net438,9.84µm
_0298_,9.81µm
_1234_,9.79µm
_1772_,9.79µm
_0159_,9.78µm
net598,9.78µm
_1789_,9.75µm
_0304_,9.72µm
_1887_,9.72µm
net1668,9.72µm
_0447_,9.7µm
net1281,9.67µm
net1298,9.67µm
net1558,9.67µm
net1627,9.67µm
_0141_,9.66µm
_0246_,9.66µm
_0914_,9.66µm
u_core.u_recorder.wait_cnt_q\[23\],9.66µm
u_core.u_replay_fsm.word_q\[22\],9.66µm
u_core.u_storage_bram.mem\[7\]\[8\],9.66µm
net909,9.66µm
net942,9.66µm
net1142,9.66µm
_0261_,9.61µm
_0740_,9.61µm
_1277_,9.61µm
_1943_,9.61µm
u_core.u_replay_fsm.word_q\[0\],9.61µm
net1052,9.61µm
_0457_,9.6µm
_1177_,9.6µm
_1219_,9.6µm
_1279_,9.6µm
_1551_,9.6µm
_1671_,9.6µm
_2016_,9.6µm
u_core.u_recorder.word_q\[21\],9.6µm
net919,9.6µm
_1893_,9.555µm
_0114_,9.55µm
_0134_,9.55µm
_0579_,9.55µm
_0878_,9.55µm
_1530_,9.55µm
_1888_,9.55µm
_1935_,9.55µm
u_core.u_replay_fsm.state_q\[6\],9.55µm
net1097,9.55µm
net1149,9.55µm
_1325_,9.54µm
u_core.u_storage_bram.mem\[7\]\[20\],9.535µm
net1632,9.5µm
_0618_,9.49µm
_1677_,9.49µm
_1721_,9.49µm
net353,9.49µm
net498,9.49µm
u_core.mem_wr_data\[29\],9.49µm
net1083,9.49µm
net451,9.48µm
u_core.led_err_cnt_q\[19\],9.48µm
net592,9.48µm
u_core.u_output_formatter.uart_data\[4\],9.475µm
net1363,9.475µm
net735,9.44µm
u_core.u_output_formatter.uart_data\[0\],9.43µm
u_core.u_storage_bram.mem\[6\]\[24\],9.43µm
_0385_,9.42µm
net916,9.42µm
_1978_,9.405µm
_0865_,9.38µm
net1143,9.38µm
net1331,9.38µm
net1652,9.38µm
_0519_,9.37µm
_1424_,9.37µm
_1738_,9.37µm
_1994_,9.37µm
u_core.u_storage_bram.mem\[7\]\[18\],9.37µm
net1309,9.37µm
_0131_,9.36µm
_0138_,9.36µm
_0292_,9.36µm
_0307_,9.36µm
_1057_,9.36µm
net354,9.36µm
net398,9.36µm
_0623_,9.33µm
_2031_,9.31µm
u_core.u_storage_bram.mem\[7\]\[21\],9.31µm
net625,9.27µm
_1388_,9.25µm
_1814_,9.24µm
_1962_,9.24µm
net796,9.24µm
u_core.u_storage_bram.mem\[3\]\[10\],9.19µm
u_core.u_storage_bram.mem\[7\]\[17\],9.19µm
_0034_,9.18µm
_0110_,9.18µm
_0172_,9.18µm
_0264_,9.18µm
_0285_,9.18µm
_1612_,9.18µm
_1851_,9.18µm
_1944_,9.18µm
_2019_,9.18µm
net739,9.18µm
net1641,9.18µm
_1336_,9.175µm
_1379_,9.13µm
_1512_,9.13µm
_1740_,9.13µm
_1820_,9.13µm
_1974_,9.13µm
net918,9.13µm
net1055,9.13µm
_0445_,9.12µm
_0670_,9.12µm
_0679_,9.12µm
_0912_,9.12µm
_1145_,9.12µm
_1670_,9.12µm
_1723_,9.12µm
_1862_,9.12µm
net341,9.12µm
net431,9.12µm
net526,9.12µm
u_core.led_uart_cnt_q\[17\],9.12µm
u_core.u_ir_tx.div_cnt_q\[6\],9.12µm
u_core.u_storage_bram.mem\[0\]\[16\],9.12µm
_0289_,9.07µm
_0588_,9.07µm
_0748_,9.07µm
_0758_,9.07µm
_1066_,9.07µm
_1513_,9.07µm
_1633_,9.07µm
_1931_,9.07µm
net1275,9.07µm
net1315,9.07µm
net1598,9.07µm
net1630,9.07µm
_0487_,9.06µm
_1660_,9.06µm
_0707_,9.045µm
u_core.u_storage_bram.mem\[2\]\[10\],9.02µm
net1473,9.02µm
_0715_,9.01µm
_1520_,9.01µm
_2029_,9.01µm
net418,9.01µm
u_core.mem_wr_data\[8\],9.01µm
net1010,9.01µm
net1529,9.01µm
net1565,9.01µm
_0250_,9µm
_0559_,9µm
_1559_,9µm
_1939_,9µm
net377,9µm
net832,8.995µm
_1691_,8.96µm
_1311_,8.955µm
_0678_,8.95µm
net1226,8.94µm
_1432_,8.935µm
_1949_,8.9µm
net995,8.9µm
_0015_,8.89µm
_0240_,8.89µm
_0328_,8.89µm
_0386_,8.89µm
_0387_,8.89µm
_0393_,8.89µm
_0395_,8.89µm
_0397_,8.89µm
_0398_,8.89µm
_0400_,8.89µm
_0554_,8.89µm
_0558_,8.89µm
_0560_,8.89µm
_0687_,8.89µm
_1119_,8.89µm
_1495_,8.89µm
_1799_,8.89µm
_1950_,8.89µm
net471,8.89µm
net490,8.89µm
net503,8.89µm
_0365_,8.88µm
_0537_,8.88µm
net338,8.88µm
net345,8.88µm
net400,8.88µm
net413,8.88µm
net421,8.88µm
net427,8.88µm
net479,8.88µm
net500,8.88µm
net508,8.88µm
net512,8.88µm
net517,8.88µm
net518,8.88µm
net,8.88µm
net1300,8.88µm
_1786_,8.84µm
net1412,8.83µm
net1009,8.805µm
_1625_,8.77µm
u_core.u_storage_bram.mem\[1\]\[6\],8.77µm
_1909_,8.76µm
net741,8.76µm
net1203,8.76µm
_1617_,8.745µm
net1089,8.745µm
u_core.u_storage_bram.mem\[0\]\[18\],8.71µm
net1011,8.71µm
_0184_,8.7µm
_1603_,8.7µm
_1615_,8.7µm
_1871_,8.7µm
_1911_,8.7µm
u_core.u_storage_bram.mem\[4\]\[11\],8.7µm
net673,8.7µm
net1677,8.7µm
u_core.u_storage_bram.mem\[1\]\[3\],8.68µm
_1194_,8.66µm
_0217_,8.65µm
_0895_,8.65µm
_1213_,8.65µm
_1269_,8.65µm
_1389_,8.65µm
_1422_,8.65µm
net583,8.65µm
net842,8.65µm
net845,8.65µm
net950,8.65µm
net997,8.65µm
net1085,8.65µm
_0068_,8.64µm
net450,8.64µm
net467,8.64µm
net529,8.64µm
net14,8.64µm
u_core.u_recorder.wait_cnt_q\[24\],8.64µm
u_core.u_recorder.word_q\[24\],8.64µm
net678,8.64µm
net890,8.64µm
net1158,8.64µm
net1377,8.64µm
_0023_,8.59µm
_0127_,8.59µm
_0308_,8.59µm
_0549_,8.59µm
_1730_,8.59µm
_1774_,8.59µm
u_core.enc_payload\[17\],8.59µm
net1033,8.59µm
net1162,8.59µm
net1274,8.59µm
net1372,8.59µm
net1585,8.59µm
_1555_,8.58µm
u_core.u_storage_bram.mem\[3\]\[17\],8.54µm
_1917_,8.53µm
net444,8.53µm
net530,8.53µm
net1005,8.53µm
_0199_,8.52µm
_0275_,8.52µm
_0367_,8.52µm
_1905_,8.52µm
u_core.u_nec_decoder.since_valid_cnt\[19\],8.52µm
net886,8.515µm
net920,8.515µm
net980,8.515µm
net1490,8.515µm
net669,8.47µm
_0103_,8.46µm
_1680_,8.46µm
_0255_,8.43µm
_0434_,8.42µm
_1438_,8.42µm
_1484_,8.42µm
net1047,8.42µm
net1137,8.42µm
net1252,8.42µm
_0175_,8.41µm
_0200_,8.41µm
_0266_,8.41µm
_0302_,8.41µm
_0529_,8.41µm
_0583_,8.41µm
_1571_,8.41µm
_1587_,8.41µm
_1801_,8.41µm
_1932_,8.41µm
u_core.u_storage_bram.mem\[0\]\[4\],8.41µm
_0171_,8.4µm
_0223_,8.4µm
_0581_,8.4µm
net419,8.4µm
_1239_,8.35µm
_1258_,8.35µm
_0435_,8.34µm
_0999_,8.3µm
_0047_,8.28µm
_0270_,8.28µm
_0786_,8.28µm
_1595_,8.28µm
net628,8.28µm
net1170,8.28µm
_0777_,8.275µm
_0857_,8.22µm
_1016_,8.22µm
net20,8.22µm
u_core.u_storage_bram.mem\[5\]\[9\],8.22µm
_0382_,8.17µm
_0756_,8.17µm
_1216_,8.17µm
_2012_,8.17µm
u_core.u_recorder.word_q\[23\],8.17µm
net689,8.17µm
net889,8.17µm
net901,8.17µm
net1015,8.17µm
net1141,8.17µm
net1186,8.17µm
net1258,8.17µm
net1462,8.17µm
net1593,8.17µm
net1665,8.17µm
_0459_,8.16µm
_1088_,8.16µm
_1089_,8.16µm
_1243_,8.16µm
_1335_,8.16µm
_1742_,8.16µm
net364,8.16µm
net443,8.16µm
net513,8.16µm
u_core.enc_start,8.16µm
u_core.u_recorder.word_q\[0\],8.16µm
net581,8.16µm
net870,8.16µm
net979,8.16µm
net982,8.16µm
net1048,8.16µm
net1171,8.16µm
_0456_,8.11µm
_1179_,8.11µm
_1296_,8.11µm
_1519_,8.11µm
u_core.enc_mark_active,8.11µm
u_core.tick_us,8.11µm
net1000,8.11µm
net1025,8.11µm
net1123,8.11µm
net1418,8.11µm
net1589,8.11µm
_1511_,8.1µm
_0408_,8.05µm
_0660_,8.05µm
_1827_,8.05µm
_1980_,8.05µm
u_core.enc_payload\[26\],8.05µm
u_core.led_ok_cnt_q\[7\],8.05µm
net1629,8.05µm
_0174_,8.04µm
_0244_,8.04µm
_0312_,8.04µm
_0564_,8.04µm
_0701_,8.04µm
_1867_,8.04µm
_1997_,8.04µm
_0804_,8.035µm
_0805_,8.035µm
_0806_,8.035µm
_1866_,8.035µm
net17,8.035µm
net963,8.035µm
net1244,8.035µm
net1592,8.035µm
u_core.u_nec_decoder.cmd_inv\[3\],8.02µm
u_core.u_storage_bram.mem\[7\]\[22\],8.01µm
_0080_,8µm
u_core.u_storage_bram.mem\[4\]\[5\],8µm
_0348_,7.99µm
_0489_,7.99µm
u_core.enc_payload\[25\],7.99µm
u_core.u_storage_bram.mem\[0\]\[6\],7.975µm
_1554_,7.94µm
net835,7.94µm
net959,7.94µm
net968,7.94µm
net1021,7.94µm
net1061,7.94µm
net1155,7.94µm
net1217,7.94µm
net1302,7.94µm
net1513,7.94µm
net1595,7.94µm
net1636,7.94µm
_0528_,7.93µm
_0668_,7.93µm
_1345_,7.93µm
_1800_,7.93µm
_1868_,7.93µm
_1898_,7.93µm
_1910_,7.93µm
net511,7.93µm
_0136_,7.92µm
net436,7.92µm
_0149_,7.87µm
net798,7.86µm
_0484_,7.84µm
u_core.mem_wr_data\[30\],7.81µm
_0279_,7.8µm
_0370_,7.8µm
_0499_,7.8µm
_1524_,7.8µm
net636,7.8µm
net1240,7.8µm
net1318,7.8µm
_1312_,7.785µm
_0128_,7.74µm
_0297_,7.74µm
_0450_,7.74µm
_1581_,7.74µm
_1838_,7.74µm
net1,7.74µm
u_core.u_recorder.wait_cnt_q\[10\],7.74µm
u_core.u_replay_fsm.word_q\[27\],7.74µm
u_core.u_storage_bram.mem\[1\]\[10\],7.74µm
net1079,7.74µm
net1450,7.74µm
net1470,7.74µm
net1666,7.74µm
_0569_,7.69µm
_1431_,7.69µm
_1568_,7.69µm
u_core.u_replay_fsm.word_q\[30\],7.69µm
net828,7.69µm
net928,7.69µm
net1291,7.69µm
net1551,7.69µm
_1077_,7.68µm
_1434_,7.68µm
_1903_,7.68µm
_1908_,7.68µm
_1960_,7.68µm
_2023_,7.68µm
net339,7.68µm
net367,7.68µm
net463,7.68µm
u_core.enc_payload\[30\],7.68µm
u_core.mem_wr_data\[27\],7.68µm
u_core.u_nec_decoder.cmd_inv\[4\],7.68µm
u_core.u_recorder.word_q\[11\],7.68µm
net829,7.68µm
net852,7.68µm
net902,7.68µm
net939,7.68µm
net952,7.68µm
net1442,7.68µm
net1650,7.68µm
u_core.enc_payload\[22\],7.665µm
_0135_,7.63µm
_0137_,7.63µm
_0671_,7.63µm
_1186_,7.63µm
u_core.u_output_formatter.uart_data\[2\],7.63µm
net607,7.63µm
net609,7.63µm
net1202,7.63µm
_0022_,7.62µm
_1294_,7.62µm
net1421,7.61µm
net629,7.58µm
_1687_,7.57µm
net481,7.57µm
_0125_,7.56µm
_0224_,7.56µm
_0241_,7.56µm
_0294_,7.56µm
_0296_,7.56µm
_1430_,7.56µm
net348,7.56µm
net434,7.56µm
net1634,7.56µm
_0862_,7.555µm
u_core.u_storage_bram.mem\[5\]\[6\],7.54µm
_1822_,7.5µm
net585,7.5µm
_0621_,7.46µm
_0663_,7.46µm
_0728_,7.46µm
_0759_,7.46µm
_1450_,7.46µm
_1476_,7.46µm
_1990_,7.46µm
net850,7.46µm
net1018,7.46µm
net1484,7.46µm
net1624,7.46µm
_0139_,7.45µm
_0208_,7.45µm
_0225_,7.45µm
_0358_,7.45µm
_1781_,7.45µm
_1844_,7.45µm
_1904_,7.45µm
net415,7.45µm
net448,7.45µm
net501,7.45µm
net504,7.45µm
net1396,7.45µm
_1443_,7.44µm
_1798_,7.44µm
u_core.hb_counter_q\[8\],7.44µm
u_core.u_storage_bram.mem\[7\]\[19\],7.44µm
net806,7.44µm
net1260,7.44µm
_1203_,7.4µm
_1361_,7.4µm
ir_tx_npn_drive,7.4µm
ld7,7.4µm
_1547_,7.39µm
u_core.u_storage_bram.mem\[7\]\[23\],7.38µm
_1124_,7.33µm
_0065_,7.32µm
_0311_,7.32µm
net808,7.32µm
net900,7.32µm
net917,7.32µm
net1038,7.32µm
net1059,7.32µm
_1452_,7.305µm
_1470_,7.305µm
_0521_,7.27µm
_1323_,7.27µm
_0766_,7.26µm
_1305_,7.26µm
_1417_,7.26µm
_1678_,7.26µm
_1776_,7.26µm
u_core.enc_payload\[24\],7.26µm
u_core.led_uart_cnt_q\[6\],7.26µm
net747,7.26µm
_0105_,7.21µm
_0106_,7.21µm
_0404_,7.21µm
_0409_,7.21µm
_0572_,7.21µm
_0696_,7.21µm
_0699_,7.21µm
_1164_,7.21µm
_1715_,7.21µm
u_core.enc_payload\[12\],7.21µm
u_core.u_replay_fsm.word_q\[10\],7.21µm
u_core.u_storage_bram.mem\[5\]\[2\],7.21µm
net864,7.21µm
net869,7.21µm
net911,7.21µm
net1238,7.21µm
net1416,7.21µm
net1430,7.21µm
_0419_,7.2µm
_1097_,7.2µm
_1884_,7.2µm
net376,7.2µm
net384,7.2µm
net391,7.2µm
net524,7.2µm
u_core.u_storage_bram.mem\[7\]\[16\],7.2µm
ld0,7.2µm
net843,7.2µm
net936,7.2µm
net1046,7.2µm
net1148,7.2µm
net1443,7.2µm
_0263_,7.15µm
_0300_,7.15µm
_0423_,7.15µm
_0438_,7.15µm
_1241_,7.15µm
_1916_,7.15µm
_2027_,7.15µm
u_core.hb_counter_q\[6\],7.15µm
u_core.record_prev_q,7.15µm
u_core.u_recorder.slot_q\[1\],7.15µm
u_core.u_recorder.word_q\[15\],7.15µm
u_core.u_replay_fsm.word_q\[31\],7.15µm
u_core.u_storage_bram.mem\[6\]\[16\],7.15µm
net620,7.15µm
net688,7.15µm
net1157,7.12µm
_0401_,7.09µm
_2030_,7.09µm
net465,7.09µm
net505,7.09µm
_0101_,7.08µm
_0260_,7.08µm
_0524_,7.08µm
_1240_,7.08µm
_1845_,7.08µm
_1895_,7.08µm
net362,7.08µm
net486,7.08µm
net608,7.08µm
net1606,7.08µm
_0900_,7.075µm
net859,7.075µm
net965,7.075µm
net1096,7.075µm
net1622,7.075µm
net1489,7.04µm
_0344_,7.03µm
_0680_,7.03µm
u_core.enc_payload\[28\],7.03µm
u_core.u_replay_fsm.word_q\[12\],7.03µm
net732,7.03µm
net1659,7.03µm
_0656_,7.02µm
_1288_,7.02µm
_0590_,6.98µm
_1205_,6.98µm
net1216,6.98µm
net1221,6.98µm
net1223,6.98µm
net1573,6.98µm
net1672,6.98µm
_0050_,6.97µm
_0197_,6.97µm
_0512_,6.97µm
_0599_,6.97µm
_1423_,6.97µm
_1508_,6.97µm
_1920_,6.97µm
_1986_,6.97µm
_2000_,6.97µm
net1122,6.97µm
_0284_,6.96µm
rep_done,6.93µm
_0595_,6.9µm
_1885_,6.9µm
_1032_,6.865µm
_1100_,6.86µm
_0181_,6.84µm
_0238_,6.84µm
_0509_,6.84µm
_0610_,6.84µm
_0613_,6.84µm
_0860_,6.84µm
_1435_,6.84µm
u_core.u_uart_tx.baud_cnt\[10\],6.84µm
net599,6.84µm
net817,6.84µm
net821,6.84µm
net834,6.84µm
net836,6.84µm
net863,6.84µm
net867,6.84µm
net876,6.84µm
net887,6.84µm
net961,6.84µm
net1001,6.84µm
net1007,6.84µm
net1040,6.84µm
net1074,6.84µm
net1117,6.84µm
net1292,6.84µm
net1468,6.84µm
net1582,6.84µm
net1594,6.84µm
net1663,6.84µm
net771,6.825µm
_0016_,6.79µm
net1098,6.79µm
_0747_,6.78µm
_0768_,6.78µm
_0769_,6.78µm
_1060_,6.78µm
_1153_,6.78µm
_1664_,6.78µm
u_core.led_uart_cnt_q\[7\],6.78µm
u_core.mem_rd_data\[30\],6.78µm
u_core.u_storage_bram.mem\[5\]\[13\],6.78µm
u_core.u_storage_bram.mem\[5\]\[18\],6.78µm
rst_n,6.78µm
ld6,6.78µm
net754,6.78µm
net1227,6.78µm
_0092_,6.73µm
_0098_,6.73µm
_0567_,6.73µm
_0915_,6.73µm
_1086_,6.73µm
_1104_,6.73µm
_1224_,6.73µm
_1285_,6.73µm
_1711_,6.73µm
_1975_,6.73µm
u_core.enc_payload\[15\],6.73µm
u_core.mem_wr_data\[14\],6.73µm
u_core.u_nec_encoder.us_cnt_q\[6\],6.73µm
u_core.u_recorder.word_q\[17\],6.73µm
u_core.u_recorder.word_q\[19\],6.73µm
u_core.u_recorder.word_q\[22\],6.73µm
u_core.u_recorder.word_q\[8\],6.73µm
uart_tx,6.73µm
net1308,6.73µm
net1460,6.73µm
_0461_,6.72µm
_1632_,6.72µm
_1672_,6.72µm
_1682_,6.72µm
_1735_,6.72µm
net371,6.72µm
net442,6.72µm
net452,6.72µm
u_core.hb_counter_q\[11\],6.72µm
net704,6.72µm
net802,6.72µm
net880,6.72µm
net969,6.72µm
net985,6.72µm
net1003,6.72µm
net1013,6.72µm
net1119,6.72µm
net1333,6.72µm
u_core.u_storage_bram.mem\[0\]\[19\],6.715µm
_0657_,6.69µm
_0178_,6.67µm
_0183_,6.67µm
_0303_,6.67µm
_0366_,6.67µm
_0392_,6.67µm
_0531_,6.67µm
_1290_,6.67µm
_1881_,6.67µm
u_core.u_uart_tx.shift_reg\[5\],6.67µm
net668,6.67µm
net1062,6.67µm
net1312,6.67µm
net1449,6.67µm
net1638,6.67µm
_0647_,6.66µm
_0505_,6.645µm
_0674_,6.61µm
_1304_,6.61µm
net372,6.61µm
net987,6.61µm
_0245_,6.6µm
_0254_,6.6µm
_0431_,6.6µm
_1262_,6.6µm
_1639_,6.6µm
net404,6.6µm
u_core.u_nec_encoder.state_q\[6\],6.6µm
net1100,6.6µm
net1306,6.6µm
net1474,6.6µm
_0514_,6.595µm
_0518_,6.595µm
_0539_,6.595µm
net825,6.595µm
net1045,6.595µm
net1093,6.595µm
_1349_,6.585µm
_1125_,6.58µm
net584,6.56µm
_0056_,6.55µm
_0179_,6.55µm
_0204_,6.55µm
_1584_,6.54µm
net1322,6.54µm
_0420_,6.5µm
_0510_,6.5µm
_0530_,6.5µm
_0606_,6.5µm
_0700_,6.5µm
_1815_,6.5µm
_1833_,6.5µm
_1889_,6.5µm
_1981_,6.5µm
net879,6.5µm
net978,6.5µm
net1066,6.5µm
net1118,6.5µm
net1154,6.5µm
net1299,6.5µm
net1507,6.5µm
net1523,6.5µm
_0210_,6.49µm
_0545_,6.49µm
_0600_,6.49µm
_0627_,6.49µm
_0628_,6.49µm
_0629_,6.49µm
_0638_,6.49µm
_0641_,6.49µm
_1293_,6.49µm
_1964_,6.49µm
_1996_,6.49µm
net385,6.49µm
net399,6.49µm
_1636_,6.48µm
u_core.u_storage_bram.mem\[2\]\[12\],6.48µm
_1988_,6.44µm
net1433,6.44µm
_0525_,6.405µm
net603,6.39µm
net938,6.39µm
net1254,6.39µm
net1646,6.39µm
_0053_,6.36µm
_0161_,6.36µm
_0659_,6.36µm
_2025_,6.36µm
u_core.u_recorder.word_q\[20\],6.36µm
u_core.u_recorder.word_q\[9\],6.36µm
u_core.u_replay_fsm.word_q\[21\],6.36µm
u_core.u_replay_fsm.word_q\[8\],6.36µm
net763,6.36µm
net831,6.36µm
net1042,6.36µm
net1067,6.36µm
net1287,6.36µm
net1497,6.36µm
_0515_,6.31µm
net958,6.31µm
net1105,6.31µm
net1370,6.31µm
net1504,6.31µm
net1568,6.31µm
net1618,6.31µm
_0133_,6.3µm
_0194_,6.3µm
_0227_,6.3µm
_0764_,6.3µm
_0980_,6.3µm
_1078_,6.3µm
_1404_,6.3µm
_1542_,6.3µm
_1626_,6.3µm
_1668_,6.3µm
net15,6.3µm
u_core.u_nec_encoder.state_q\[5\],6.3µm
u_core.u_storage_bram.mem\[1\]\[8\],6.3µm
u_core.u_storage_bram.mem\[4\]\[13\],6.3µm
net680,6.3µm
net761,6.3µm
net1394,6.3µm
net1410,6.3µm
net1579,6.3µm
net1676,6.3µm
_0637_,6.285µm
_0102_,6.25µm
_1091_,6.25µm
_1136_,6.25µm
_1253_,6.25µm
_1751_,6.25µm
_1763_,6.25µm
_1843_,6.25µm
_1897_,6.25µm
_2008_,6.25µm
u_core.u_recorder.wait_cnt_q\[13\],6.25µm
net1131,6.25µm
net379,6.24µm
net449,6.24µm
net459,6.24µm
u_core.u_nec_decoder.since_valid_cnt\[0\],6.24µm
net1124,6.24µm
_0007_,6.19µm
_0060_,6.19µm
_0122_,6.19µm
_0299_,6.19µm
_0317_,6.19µm
_1257_,6.19µm
_1270_,6.19µm
_1408_,6.19µm
u_core.enc_payload\[29\],6.19µm
u_core.led_ok_cnt_q\[6\],6.19µm
net543,6.19µm
net580,6.19µm
net644,6.19µm
net683,6.19µm
net956,6.19µm
net1022,6.19µm
net1110,6.19µm
net1325,6.19µm
net1362,6.19µm
net1575,6.19µm
net1599,6.19µm
net1611,6.19µm
_0305_,6.18µm
_0927_,6.18µm
_1507_,6.18µm
_1613_,6.18µm
net729,6.18µm
net472,6.165µm
net1445,6.16µm
net410,6.155µm
u_core.u_storage_bram.mem\[1\]\[2\],6.14µm
_0188_,6.13µm
_0544_,6.13µm
_1630_,6.13µm
net624,6.13µm
net653,6.13µm
_0848_,6.12µm
_1771_,6.12µm
_1982_,6.12µm
net383,6.12µm
net407,6.12µm
net461,6.12µm
net468,6.12µm
_0446_,6.115µm
_1111_,6.115µm
_1446_,6.115µm
_1529_,6.115µm
_1788_,6.115µm
net927,6.115µm
net937,6.115µm
net1081,6.115µm
net1233,6.115µm
_0063_,6.06µm
_0780_,6.06µm
_1082_,6.06µm
_1959_,6.06µm
_0744_,6.02µm
_0746_,6.02µm
_0750_,6.02µm
_1332_,6.02µm
_1456_,6.02µm
_2032_,6.02µm
net582,6.02µm
net661,6.02µm
net711,6.02µm
net949,6.02µm
net960,6.02µm
net986,6.02µm
net1017,6.02µm
net1075,6.02µm
net1151,6.02µm
net1177,6.02µm
net1208,6.02µm
net1220,6.02µm
net1269,6.02µm
net1293,6.02µm
net1323,6.02µm
net1408,6.02µm
net1467,6.02µm
net1656,6.02µm
_0712_,6.01µm
_1180_,6.01µm
_1744_,6.01µm
net1415,6.01µm
u_core.mem_rd_data\[16\],6µm
_0052_,5.94µm
_0422_,5.94µm
net818,5.91µm
net851,5.91µm
_0273_,5.88µm
_0652_,5.88µm
_1501_,5.88µm
_1819_,5.88µm
_1855_,5.88µm
u_core.u_recorder.wait_cnt_q\[18\],5.88µm
net574,5.88µm
net779,5.88µm
net906,5.88µm
net967,5.88µm
net1115,5.88µm
_1564_,5.835µm
_0030_,5.83µm
_0442_,5.83µm
_0470_,5.83µm
_0666_,5.83µm
_0097_,5.82µm
_0295_,5.82µm
_0832_,5.82µm
_0847_,5.82µm
_1464_,5.82µm
_1569_,5.82µm
_1940_,5.82µm
net632,5.82µm
net634,5.82µm
net743,5.82µm
net1505,5.82µm
_0686_,5.77µm
_0708_,5.77µm
_1137_,5.77µm
_1147_,5.77µm
_1183_,5.77µm
_1246_,5.77µm
_1283_,5.77µm
_1505_,5.77µm
_1757_,5.77µm
u_core.led_ok_cnt_q\[2\],5.77µm
net814,5.77µm
net1232,5.77µm
net344,5.76µm
net519,5.76µm
u_core.u_storage_bram.mem\[3\]\[8\],5.76µm
_0191_,5.74µm
_1973_,5.73µm
_0057_,5.71µm
_0342_,5.71µm
_0981_,5.71µm
u_core.u_ir_tx.div_cnt_q\[1\],5.71µm
u_core.u_nec_encoder.bit_idx_q\[4\],5.71µm
u_core.u_replay_fsm.word_q\[14\],5.71µm
net544,5.71µm
net849,5.71µm
net1102,5.71µm
net1439,5.71µm
_0041_,5.7µm
_0113_,5.7µm
_0151_,5.7µm
_0282_,5.7µm
_0619_,5.7µm
_0635_,5.7µm
_1129_,5.7µm
_1405_,5.7µm
_1493_,5.7µm
u_core.u_pulse_timer.running,5.7µm
u_core.u_storage_bram.mem\[0\]\[23\],5.7µm
_0782_,5.675µm
_1640_,5.65µm
net357,5.65µm
net439,5.65µm
net489,5.65µm
_0169_,5.64µm
_0390_,5.64µm
_0441_,5.64µm
_0632_,5.64µm
_0661_,5.64µm
_0705_,5.64µm
_0706_,5.64µm
_0986_,5.64µm
_1181_,5.64µm
_1451_,5.64µm
_1811_,5.64µm
_1816_,5.64µm
_1864_,5.64µm
_1873_,5.64µm
net453,5.64µm
net464,5.64µm
net507,5.64µm
u_core.u_storage_bram.mem\[6\]\[7\],5.64µm
net812,5.64µm
_0070_,5.635µm
_0996_,5.635µm
_1260_,5.635µm
net1026,5.635µm
net1095,5.635µm
net1261,5.635µm
_0038_,5.59µm
net1617,5.58µm
_0012_,5.54µm
_0458_,5.54µm
_0516_,5.54µm
_0608_,5.54µm
_0609_,5.54µm
_1600_,5.54µm
net838,5.54µm
net865,5.54µm
net882,5.54µm
net891,5.54µm
net929,5.54µm
net943,5.54µm
net951,5.54µm
net970,5.54µm
net1099,5.54µm
net1184,5.54µm
net1219,5.54µm
net1245,5.54µm
net1660,5.54µm
net1667,5.54µm
net548,5.535µm
_0104_,5.53µm
_0107_,5.53µm
_0140_,5.53µm
_0153_,5.53µm
_0228_,5.53µm
_0290_,5.53µm
_0339_,5.53µm
_0364_,5.53µm
_0371_,5.53µm
_0454_,5.53µm
_0543_,5.53µm
_0553_,5.53µm
_0612_,5.53µm
_0669_,5.53µm
_0853_,5.53µm
_1008_,5.53µm
_1093_,5.53µm
_2028_,5.53µm
u_core.mem_rd_data\[15\],5.53µm
u_core.u_uart_tx.state\[3\],5.53µm
u_core.u_output_formatter.uart_data\[3\],5.48µm
_0062_,5.46µm
_0507_,5.46µm
net539,5.46µm
net1437,5.46µm
_0815_,5.43µm
_1467_,5.42µm
_0363_,5.415µm
_0074_,5.4µm
_1264_,5.4µm
_1271_,5.4µm
u_core.replay_prev_q,5.4µm
net594,5.4µm
net670,5.35µm
net736,5.35µm
net744,5.35µm
net748,5.35µm
net923,5.35µm
net1090,5.35µm
net1285,5.35µm
net1425,5.35µm
_0301_,5.34µm
_0894_,5.34µm
_1071_,5.34µm
u_core.led_err_cnt_q\[20\],5.34µm
net646,5.34µm
net780,5.34µm
u_core.mem_rd_data\[17\],5.295µm
_1000_,5.29µm
_1382_,5.29µm
_1412_,5.29µm
_1846_,5.29µm
net681,5.29µm
net1239,5.29µm
_0626_,5.28µm
_0636_,5.28µm
_0698_,5.28µm
_1131_,5.28µm
net429,5.28µm
_0054_,5.23µm
_0071_,5.23µm
_0361_,5.23µm
_0451_,5.23µm
_0472_,5.23µm
_0493_,5.23µm
_1003_,5.23µm
_1330_,5.23µm
u_core.u_nec_encoder.bit_idx_q\[2\],5.23µm
u_core.u_output_formatter.uart_data\[1\],5.23µm
u_core.u_pulse_timer.counter\[7\],5.23µm
u_core.u_recorder.word_q\[16\],5.23µm
net776,5.23µm
net1209,5.23µm
net1225,5.23µm
_0293_,5.22µm
_0356_,5.22µm
_0362_,5.22µm
_0490_,5.22µm
_1573_,5.22µm
_2024_,5.22µm
u_core.u_storage_bram.mem\[7\]\[11\],5.22µm
net858,5.22µm
net1036,5.22µm
u_core.led_uart_cnt_q\[2\],5.21µm
_1353_,5.205µm
u_core.u_storage_bram.mem\[6\]\[9\],5.18µm
net423,5.17µm
_0008_,5.16µm
_0042_,5.16µm
_0150_,5.16µm
_0163_,5.16µm
_0165_,5.16µm
_0222_,5.16µm
_0233_,5.16µm
_0323_,5.16µm
_0573_,5.16µm
_0591_,5.16µm
_0690_,5.16µm
_1550_,5.16µm
_1837_,5.16µm
_1854_,5.16µm
_1883_,5.16µm
_1890_,5.16µm
_2014_,5.16µm
net480,5.16µm
net499,5.16µm
net533,5.16µm
u_core.hb_counter_q\[1\],5.16µm
u_core.u_nec_decoder.addr_inv\[6\],5.16µm
_0345_,5.155µm
_1220_,5.155µm
u_core.led_uart_cnt_q\[11\],5.155µm
u_core.led_uart_cnt_q\[8\],5.155µm
u_core.u_nec_decoder.bit_counter\[4\],5.155µm
u_core.u_nec_decoder.has_valid_frame,5.155µm
u_core.u_nec_decoder.since_valid_cnt\[2\],5.155µm
u_core.u_recorder.slot_q\[0\],5.155µm
u_core.u_recorder.word_q\[18\],5.155µm
u_core.u_replay_fsm.word_q\[23\],5.155µm
u_core.u_uart_tx.shift_reg\[1\],5.155µm
u_core.u_uart_tx.shift_reg\[2\],5.155µm
u_core.u_uart_tx.shift_reg\[6\],5.155µm
net1187,5.155µm
_0381_,5.11µm
_0405_,5.11µm
_0851_,5.11µm
_1228_,5.1µm
_1958_,5.095µm
_1282_,5.085µm
_0021_,5.06µm
_0093_,5.06µm
_0415_,5.06µm
_0416_,5.06µm
_0428_,5.06µm
_0502_,5.06µm
_0615_,5.06µm
_0616_,5.06µm
_0617_,5.06µm
_0683_,5.06µm
_0684_,5.06µm
_0710_,5.06µm
_1268_,5.06µm
_1708_,5.06µm
net823,5.06µm
net1034,5.06µm
net1084,5.06µm
net1106,5.06µm
net1150,5.06µm
net1465,5.06µm
_1303_,5.05µm
_1356_,5.05µm
_1367_,5.05µm
_0036_,4.98µm
_0694_,4.98µm
net626,4.98µm
net638,4.98µm
net651,4.98µm
net706,4.98µm
net971,4.98µm
net1019,4.98µm
net1191,4.98µm
net1236,4.98µm
net1637,4.98µm
net1644,4.98µm
net1657,4.98µm
_0691_,4.92µm
_0702_,4.92µm
_1165_,4.92µm
_2004_,4.92µm
u_core.u_recorder.wait_cnt_q\[19\],4.92µm
u_core.u_recorder.wait_cnt_q\[3\],4.92µm
net785,4.92µm
net1448,4.92µm
net1453,4.92µm
_0247_,4.905µm
_0538_,4.87µm
_0607_,4.87µm
net553,4.87µm
net778,4.87µm
net1044,4.87µm
net1343,4.87µm
net1354,4.87µm
net1417,4.87µm
net1653,4.87µm
_0108_,4.86µm
_0330_,4.86µm
_0469_,4.86µm
_0547_,4.86µm
_0592_,4.86µm
_0792_,4.86µm
_1254_,4.86µm
_1295_,4.86µm
_1406_,4.86µm
_1411_,4.86µm
_1648_,4.86µm
_1946_,4.86µm
net10,4.86µm
u_core.enc_payload\[11\],4.86µm
u_core.enc_payload\[27\],4.86µm
u_core.u_output_formatter.state\[1\],4.86µm
u_core.u_recorder.word_q\[12\],4.86µm
net948,4.86µm
net964,4.86µm
net1339,4.86µm
net1346,4.86µm
net1378,4.86µm
net1639,4.86µm
_0611_,4.81µm
_1182_,4.81µm
_1552_,4.81µm
u_core.u_nec_decoder.bit_counter\[1\],4.81µm
_0695_,4.8µm
_0736_,4.8µm
_1351_,4.8µm
net342,4.8µm
u_core.u_uart_tx.baud_cnt\[11\],4.8µm
_0625_,4.77µm
_0148_,4.75µm
_0281_,4.75µm
_0874_,4.75µm
u_core.u_replay_fsm.word_q\[24\],4.75µm
net595,4.75µm
net619,4.75µm
net847,4.75µm
_0028_,4.74µm
_0167_,4.74µm
_0212_,4.74µm
_0229_,4.74µm
_0243_,4.74µm
_0248_,4.74µm
_0256_,4.74µm
_0306_,4.74µm
_0335_,4.74µm
_0340_,4.74µm
_0478_,4.74µm
_0492_,4.74µm
_0582_,4.74µm
_1169_,4.74µm
_1250_,4.74µm
u_core.led_err_cnt_q\[13\],4.74µm
u_core.led_ok_cnt_q\[10\],4.74µm
u_core.u_nec_encoder.state_q\[3\],4.74µm
u_core.u_recorder.word_q\[13\],4.74µm
u_core.u_recorder.word_q\[30\],4.74µm
u_core.u_replay_fsm.word_q\[20\],4.74µm
_0403_,4.69µm
_0130_,4.68µm
_0146_,4.68µm
_0511_,4.68µm
_0604_,4.68µm
_0704_,4.68µm
_1080_,4.68µm
_1259_,4.68µm
_1875_,4.68µm
_1900_,4.68µm
_1956_,4.68µm
_1965_,4.68µm
net343,4.68µm
net370,4.68µm
net388,4.68µm
net396,4.68µm
net402,4.68µm
net426,4.68µm
net430,4.68µm
net437,4.68µm
net446,4.68µm
net466,4.68µm
net495,4.68µm
_0839_,4.675µm
_0439_,4.58µm
_0460_,4.58µm
_1717_,4.58µm
_2022_,4.58µm
net545,4.58µm
net705,4.58µm
net724,4.58µm
net1230,4.58µm
net1461,4.58µm
net1544,4.58µm
_0019_,4.57µm
_0593_,4.57µm
_1010_,4.57µm
_1537_,4.57µm
_1637_,4.57µm
_1652_,4.57µm
_1966_,4.57µm
_1306_,4.56µm
_0464_,4.5µm
_0517_,4.5µm
_0522_,4.5µm
net655,4.5µm
net725,4.5µm
net788,4.5µm
net1069,4.5µm
u_core.enc_payload\[8\],4.445µm
_0425_,4.44µm
_0506_,4.44µm
_0527_,4.44µm
_0834_,4.44µm
_0876_,4.44µm
_1222_,4.44µm
_1473_,4.44µm
_1700_,4.44µm
_1842_,4.44µm
u_core.hb_counter_q\[7\],4.44µm
u_core.mem_wr_data\[19\],4.44µm
net675,4.44µm
net1584,4.44µm
net1612,4.44µm
net1651,4.44µm
_0427_,4.39µm
net604,4.39µm
net975,4.39µm
net1168,4.39µm
net1195,4.39µm
net1321,4.39µm
net1620,4.39µm
_0117_,4.38µm
_0119_,4.38µm
_0166_,4.38µm
_0170_,4.38µm
_0216_,4.38µm
_0242_,4.38µm
_0268_,4.38µm
_0283_,4.38µm
_0375_,4.38µm
_0380_,4.38µm
_0476_,4.38µm
_0491_,4.38µm
_0497_,4.38µm
_0561_,4.38µm
_0587_,4.38µm
_0644_,4.38µm
_0658_,4.38µm
_0681_,4.38µm
_0688_,4.38µm
_0754_,4.38µm
_1244_,4.38µm
_1378_,4.38µm
_1597_,4.38µm
_1688_,4.38µm
_1754_,4.38µm
net12,4.38µm
u_core.hb_counter_q\[13\],4.38µm
u_core.mem_wr_data\[28\],4.38µm
u_core.u_ir_tx.div_cnt_q\[4\],4.38µm
u_core.u_recorder.wait_cnt_q\[6\],4.38µm
u_core.u_replay_fsm.word_q\[26\],4.38µm
u_core.u_storage_bram.mem\[6\]\[5\],4.38µm
net576,4.38µm
net588,4.38µm
net591,4.38µm
net616,4.38µm
net1395,4.38µm
_0465_,4.33µm
_0025_,4.32µm
_0094_,4.32µm
_0605_,4.32µm
_0682_,4.32µm
_1372_,4.32µm
net455,4.32µm
net1540,4.28µm
_1084_,4.27µm
_1413_,4.27µm
_0033_,4.26µm
_0045_,4.26µm
_0118_,4.26µm
_0157_,4.26µm
_0331_,4.26µm
_0332_,4.26µm
_0479_,4.26µm
_0565_,4.26µm
_1236_,4.26µm
_1490_,4.26µm
_0126_,4.2µm
_0576_,4.2µm
_1227_,4.2µm
_1856_,4.2µm
_1870_,4.2µm
_1921_,4.2µm
net425,4.2µm
net1368,4.2µm
net1174,4.195µm
_0269_,4.17µm
net522,4.11µm
_1599_,4.1µm
_2013_,4.1µm
net768,4.1µm
net884,4.1µm
net1506,4.1µm
_0814_,4.09µm
_0852_,4.09µm
net416,4.09µm
net435,4.09µm
net440,4.09µm
net474,4.09µm
_0436_,4.08µm
_1770_,4.03µm
_0433_,4.02µm
_0437_,4.02µm
_0534_,4.02µm
_1355_,4.02µm
net622,4.02µm
net676,4.02µm
net824,4.02µm
net994,4.02µm
net1113,4.02µm
net1165,4.02µm
net1350,4.02µm
net1526,4.02µm
_0067_,3.96µm
_0483_,3.96µm
_0741_,3.96µm
_1139_,3.96µm
_1410_,3.96µm
_1415_,3.96µm
_1676_,3.96µm
u_core.hb_counter_q\[17\],3.96µm
u_core.led_err_cnt_q\[6\],3.96µm
u_core.led_err_cnt_q\[7\],3.96µm
u_core.led_ok_cnt_q\[17\],3.96µm
u_core.led_ok_cnt_q\[9\],3.96µm
u_core.led_uart_cnt_q\[10\],3.96µm
u_core.mem_wr_data\[25\],3.96µm
u_core.u_nec_decoder.since_valid_cnt\[3\],3.96µm
u_core.u_nec_decoder.since_valid_cnt\[4\],3.96µm
u_core.u_pulse_timer.counter\[5\],3.96µm
u_core.u_recorder.wait_cnt_q\[15\],3.96µm
u_core.u_recorder.word_q\[27\],3.96µm
u_core.u_recorder.word_q\[28\],3.96µm
net1109,3.96µm
net1265,3.96µm
net1427,3.96µm
net1483,3.96µm
net1543,3.96µm
u_core.u_storage_bram.mem\[6\]\[3\],3.94µm
net1255,3.91µm
net1283,3.91µm
net1455,3.91µm
_0006_,3.9µm
_0076_,3.9µm
_0084_,3.9µm
_0096_,3.9µm
_0124_,3.9µm
_0142_,3.9µm
_0154_,3.9µm
_0162_,3.9µm
_0168_,3.9µm
_0192_,3.9µm
_0218_,3.9µm
_0220_,3.9µm
_0221_,3.9µm
_0286_,3.9µm
_0324_,3.9µm
_0337_,3.9µm
_0354_,3.9µm
_0388_,3.9µm
_0399_,3.9µm
_0551_,3.9µm
_1083_,3.9µm
_1716_,3.9µm
_1749_,3.9µm
_1971_,3.9µm
u_core.led_err_cnt_q\[3\],3.9µm
u_core.mem_rd_data\[25\],3.9µm
u_core.u_ir_tx.carrier_q,3.9µm
u_core.u_storage_bram.mem\[7\]\[4\],3.9µm
net564,3.9µm
net601,3.9µm
net630,3.9µm
net697,3.9µm
net786,3.9µm
net827,3.9µm
net993,3.9µm
net1027,3.9µm
net1050,3.9µm
net1280,3.9µm
net1444,3.9µm
net1556,3.9µm
net1604,3.9µm
u_core.led_uart_cnt_q\[15\],3.85µm
_0035_,3.84µm
_1794_,3.84µm
_1857_,3.84µm
net358,3.84µm
net382,3.84µm
net395,3.84µm
net408,3.84µm
net414,3.84µm
net445,3.84µm
net457,3.84µm
net462,3.84µm
net470,3.84µm
net477,3.84µm
net493,3.84µm
net502,3.84µm
net521,3.84µm
_0645_,3.81µm
_0251_,3.78µm
_0580_,3.78µm
_1073_,3.72µm
_1141_,3.72µm
_1462_,3.72µm
_1477_,3.72µm
_1698_,3.72µm
_1762_,3.72µm
net368,3.72µm
net369,3.72µm
net393,3.72µm
net476,3.72µm
net496,3.72µm
net1051,3.72µm
_1375_,3.715µm
_1400_,3.715µm
u_core.enc_payload\[16\],3.715µm
u_core.u_recorder.state_q\[1\],3.715µm
net701,3.715µm
net1619,3.66µm
_0982_,3.62µm
net820,3.62µm
net1267,3.62µm
net1329,3.62µm
_0360_,3.61µm
_0944_,3.61µm
_1121_,3.61µm
_1284_,3.61µm
_1338_,3.61µm
_1489_,3.61µm
net1600,3.61µm
_0603_,3.6µm
_0634_,3.6µm
_0639_,3.6µm
_0640_,3.6µm
_1052_,3.6µm
net586,3.585µm
_1580_,3.55µm
_0503_,3.54µm
_0622_,3.54µm
_1385_,3.54µm
net593,3.54µm
net659,3.54µm
net772,3.54µm
net1111,3.54µm
net1207,3.54µm
net1499,3.54µm
_0429_,3.52µm
u_core.u_storage_bram.mem\[6\]\[23\],3.52µm
_0058_,3.48µm
_0089_,3.48µm
_0471_,3.48µm
_0508_,3.48µm
_0536_,3.48µm
_0713_,3.48µm
_0714_,3.48µm
_0885_,3.48µm
_1706_,3.48µm
_1807_,3.48µm
_1984_,3.48µm
u_core.led_err_cnt_q\[8\],3.48µm
u_core.led_ok_cnt_q\[13\],3.48µm
u_core.led_ok_cnt_q\[20\],3.48µm
u_core.led_uart_cnt_q\[20\],3.48µm
u_core.tick_cnt_q\[3\],3.48µm
u_core.u_output_formatter.state\[3\],3.48µm
u_core.u_output_formatter.uart_data\[5\],3.48µm
u_core.u_recorder.wait_cnt_q\[22\],3.48µm
u_core.u_recorder.word_q\[26\],3.48µm
u_core.u_storage_bram.mem\[4\]\[16\],3.48µm
u_core.u_storage_bram.mem\[6\]\[2\],3.48µm
net922,3.48µm
net1250,3.48µm
net1337,3.48µm
net1389,3.48µm
net1521,3.48µm
net1596,3.48µm
net1603,3.48µm
net1628,3.48µm
net1649,3.48µm
_0198_,3.46µm
_0064_,3.43µm
net977,3.43µm
_0091_,3.42µm
_0111_,3.42µm
_0123_,3.42µm
_0129_,3.42µm
_0176_,3.42µm
_0231_,3.42µm
_0237_,3.42µm
_0288_,3.42µm
_0327_,3.42µm
_0352_,3.42µm
_0355_,3.42µm
_0374_,3.42µm
_0389_,3.42µm
_0396_,3.42µm
_0443_,3.42µm
_0463_,3.42µm
_0495_,3.42µm
_0557_,3.42µm
_0571_,3.42µm
_0596_,3.42µm
_0667_,3.42µm
_0743_,3.42µm
_0763_,3.42µm
_0770_,3.42µm
_0893_,3.42µm
_1075_,3.42µm
_1171_,3.42µm
_1175_,3.42µm
_1202_,3.42µm
_1249_,3.42µm
_1486_,3.42µm
_1487_,3.42µm
_1502_,3.42µm
_1509_,3.42µm
_1611_,3.42µm
_1629_,3.42µm
_1631_,3.42µm
_1684_,3.42µm
_1936_,3.42µm
u_core.led_ok_cnt_q\[19\],3.42µm
u_core.led_uart_cnt_q\[14\],3.42µm
u_core.mem_rd_data\[0\],3.42µm
u_core.mem_rd_data\[14\],3.42µm
u_core.mem_rd_data\[24\],3.42µm
u_core.mem_rd_data\[27\],3.42µm
u_core.mem_rd_data\[28\],3.42µm
u_core.u_ir_tx.div_cnt_q\[0\],3.42µm
u_core.u_nec_decoder.bit_counter\[0\],3.42µm
u_core.u_nec_decoder.bit_counter\[3\],3.42µm
u_core.u_nec_decoder.since_valid_cnt\[21\],3.42µm
u_core.u_recorder.wait_cnt_q\[7\],3.42µm
u_core.u_replay_fsm.word_q\[15\],3.42µm
u_core.u_storage_bram.mem\[2\]\[4\],3.42µm
u_core.u_storage_bram.mem\[3\]\[4\],3.42µm
net570,3.42µm
net614,3.42µm
net672,3.42µm
net752,3.42µm
net804,3.42µm
net826,3.42µm
net898,3.42µm
net934,3.42µm
net1030,3.42µm
net1071,3.42µm
net1094,3.42µm
net1251,3.42µm
net1263,3.42µm
net1297,3.42µm
net1330,3.42µm
net1360,3.42µm
net1424,3.42µm
net1478,3.42µm
net1488,3.42µm
net1546,3.42µm
net1681,3.42µm
_1818_,3.375µm
_0029_,3.36µm
net1648,3.36µm
_0206_,3.33µm
_0589_,3.24µm
_1081_,3.24µm
_1641_,3.24µm
_1877_,3.24µm
_1038_,3.235µm
_1785_,3.235µm
u_core.mem_wr_data\[26\],3.235µm
_1409_,3.18µm
_0014_,3.14µm
_0430_,3.14µm
_0501_,3.14µm
_0513_,3.14µm
_1491_,3.14µm
_1531_,3.14µm
_1886_,3.14µm
net1134,3.14µm
_0633_,3.13µm
_0642_,3.13µm
_1056_,3.13µm
_1407_,3.13µm
_1418_,3.13µm
_1882_,3.13µm
u_core.u_storage_bram.mem\[5\]\[4\],3.125µm
_2005_,3.12µm
_0018_,3.06µm
_0424_,3.06µm
_0655_,3.06µm
_0662_,3.06µm
_1376_,3.06µm
net602,3.06µm
net784,3.06µm
net839,3.06µm
net883,3.06µm
net955,3.06µm
net1246,3.06µm
net1271,3.06µm
net1276,3.06µm
net1311,3.06µm
net1623,3.06µm
net1671,3.06µm
_0193_,3.015µm
_0017_,3µm
_0075_,3µm
_0082_,3µm
_0417_,3µm
_0614_,3µm
_1049_,3µm
_1092_,3µm
_1172_,3µm
_1242_,3µm
_1414_,3µm
_1498_,3µm
_1532_,3µm
_1570_,3µm
_1627_,3µm
_1769_,3µm
u_core.enc_payload\[31\],3µm
u_core.hb_counter_q\[19\],3µm
u_core.led_uart_cnt_q\[5\],3µm
u_core.led_uart_cnt_q\[9\],3µm
u_core.mem_rd_data\[13\],3µm
u_core.mem_rd_data\[18\],3µm
u_core.mem_rd_data\[19\],3µm
u_core.mem_rd_data\[22\],3µm
u_core.mem_rd_data\[31\],3µm
u_core.u_storage_bram.mem\[7\]\[13\],3µm
net760,3µm
net1213,3µm
net1296,3µm
net1324,3µm
net1503,3µm
net1550,3µm
net1670,3µm
_0201_,2.94µm
_0203_,2.94µm
_0219_,2.94µm
_0287_,2.94µm
_0548_,2.94µm
_0555_,2.94µm
_0594_,2.94µm
_0721_,2.94µm
_1159_,2.94µm
_1606_,2.94µm
_1609_,2.94µm
_1674_,2.94µm
_1748_,2.94µm
_1778_,2.94µm
_1832_,2.94µm
_1918_,2.94µm
u_core.hb_counter_q\[0\],2.94µm
u_core.led_uart_cnt_q\[13\],2.94µm
u_core.mem_rd_data\[21\],2.94µm
net640,2.94µm
net649,2.94µm
net756,2.94µm
net915,2.94µm
net1057,2.94µm
net1130,2.94µm
net1156,2.94µm
net1182,2.94µm
net1189,2.94µm
net1495,2.94µm
net1524,2.94µm
net1587,2.94µm
_1707_,2.87µm
u_core.u_storage_bram.mem\[6\]\[13\],2.835µm
_0190_,2.79µm
_0376_,2.76µm
_0498_,2.76µm
_1471_,2.76µm
_1945_,2.76µm
net740,2.76µm
_1292_,2.755µm
_0350_,2.73µm
_1053_,2.7µm
_1937_,2.7µm
_1497_,2.66µm
_1622_,2.66µm
_1792_,2.66µm
_1938_,2.66µm
net1259,2.66µm
net1319,2.66µm
net1493,2.66µm
net1498,2.66µm
net1655,2.66µm
_0481_,2.65µm
_0749_,2.65µm
_1403_,2.65µm
_1951_,2.65µm
net1581,2.65µm
_0570_,2.595µm
_0132_,2.59µm
_0095_,2.58µm
_0343_,2.58µm
_0455_,2.58µm
_0846_,2.58µm
net716,2.58µm
net722,2.58µm
net746,2.58µm
net765,2.58µm
net885,2.58µm
net946,2.58µm
net1087,2.58µm
net1193,2.58µm
net1429,2.58µm
net1446,2.58µm
_0745_,2.52µm
_1079_,2.52µm
_1134_,2.52µm
_1474_,2.52µm
_1536_,2.52µm
u_core.led_ok_cnt_q\[3\],2.52µm
u_core.led_ok_cnt_q\[5\],2.52µm
u_core.mem_wr_data\[9\],2.52µm
u_core.tick_cnt_q\[0\],2.52µm
u_core.u_ir_tx.div_cnt_q\[3\],2.52µm
u_core.u_ir_tx.div_cnt_q\[7\],2.52µm
u_core.u_recorder.word_q\[29\],2.52µm
net1108,2.52µm
_1957_,2.49µm
_0757_,2.4µm
_0762_,2.4µm
net1342,2.4µm
net1519,2.4µm
u_core.led_uart_cnt_q\[3\],2.355µm
_0079_,2.34µm
u_core.led_err_cnt_q\[10\],2.34µm
_0475_,2.28µm
_0767_,2.28µm
_1156_,2.28µm
_1419_,2.28µm
_1420_,2.28µm
_1427_,2.28µm
_1428_,2.28µm
_1429_,2.28µm
_1576_,2.28µm
_1777_,2.28µm
_1836_,2.28µm
net1481,2.28µm
_0061_,2.275µm
_0978_,2.275µm
_1261_,2.275µm
_1601_,2.275µm
_1655_,2.275µm
_1972_,2.275µm
_0689_,2.22µm
net613,2.185µm
_0901_,2.18µm
_1850_,2.18µm
_1894_,2.18µm
net1104,2.18µm
net1357,2.18µm
_0643_,2.17µm
net1678,2.16µm
_0048_,2.1µm
_0066_,2.1µm
_0444_,2.1µm
net540,2.1µm
net572,2.1µm
net611,2.1µm
net642,2.1µm
net662,2.1µm
net691,2.1µm
net700,2.1µm
net714,2.1µm
net720,2.1µm
net750,2.1µm
net758,2.1µm
net769,2.1µm
net774,2.1µm
net782,2.1µm
net790,2.1µm
net792,2.1µm
net841,2.1µm
net854,2.1µm
net872,2.1µm
net874,2.1µm
net878,2.1µm
net904,2.1µm
net988,2.1µm
net990,2.1µm
net1080,2.1µm
net1092,2.1µm
net1126,2.1µm
net1128,2.1µm
net1135,2.1µm
net1179,2.1µm
net1197,2.1µm
net1205,2.1µm
net1229,2.1µm
net1257,2.1µm
net1268,2.1µm
net1327,2.1µm
net1340,2.1µm
net1374,2.1µm
net1376,2.1µm
net1386,2.1µm
net1398,2.1µm
net1404,2.1µm
net1413,2.1µm
net1431,2.1µm
net1440,2.1µm
net1472,2.1µm
net1491,2.1µm
net1511,2.1µm
net1607,2.1µm
_0711_,1.92µm
_0761_,1.92µm
_0854_,1.92µm
net753,1.92µm
net755,1.92µm
net767,1.92µm
net1625,1.92µm
net1635,1.92µm
net1664,1.92µm
_0024_,1.86µm
_0059_,1.86µm
_1251_,1.86µm
_1255_,1.86µm
_1275_,1.86µm
u_core.u_recorder.word_q\[10\],1.86µm
_0003_,1.8µm
_0120_,1.8µm
_0195_,1.8µm
_0209_,1.8µm
_0230_,1.8µm
_0232_,1.8µm
_0236_,1.8µm
_0257_,1.8µm
_0262_,1.8µm
_0267_,1.8µm
_0280_,1.8µm
_0313_,1.8µm
_0318_,1.8µm
_0319_,1.8µm
_0320_,1.8µm
_0325_,1.8µm
_0334_,1.8µm
_0336_,1.8µm
_0338_,1.8µm
_0341_,1.8µm
_0346_,1.8µm
_0347_,1.8µm
_0349_,1.8µm
_0351_,1.8µm
_0353_,1.8µm
_0357_,1.8µm
_0359_,1.8µm
_0368_,1.8µm
_0372_,1.8µm
_0373_,1.8µm
_0377_,1.8µm
_0378_,1.8µm
_0379_,1.8µm
_0383_,1.8µm
_0421_,1.8µm
_0440_,1.8µm
_0477_,1.8µm
_0480_,1.8µm
_0482_,1.8µm
_0485_,1.8µm
_0494_,1.8µm
_0496_,1.8µm
_0532_,1.8µm
_0577_,1.8µm
_0597_,1.8µm
_0646_,1.8µm
_0648_,1.8µm
_0649_,1.8µm
_0697_,1.8µm
_1113_,1.8µm
_1226_,1.8µm
_1233_,1.8µm
_1280_,1.8µm
_1525_,1.8µm
_1734_,1.8µm
_1805_,1.8µm
_1821_,1.8µm
_1948_,1.8µm
_1987_,1.8µm
_2006_,1.8µm
_2020_,1.8µm
net1458,1.7µm
_1322_,1.565µm
_1391_,1.46µm
_0504_,1.44µm
_0709_,1.44µm
_0773_,1.44µm
net590,1.44µm
net1242,1.44µm
net1305,1.44µm
net1615,1.44µm
net1680,1.44µm
_1215_,1.38µm
_1281_,1.38µm
_1591_,1.38µm
u_core.hb_counter_q\[18\],1.38µm
u_core.hb_counter_q\[21\],1.38µm
u_core.hb_counter_q\[9\],1.38µm
u_core.led_err_cnt_q\[2\],1.38µm
u_core.led_ok_cnt_q\[4\],1.38µm
u_core.led_uart_cnt_q\[4\],1.38µm
u_core.mem_rd_data\[10\],1.38µm
u_core.mem_rd_data\[12\],1.38µm
u_core.mem_rd_data\[26\],1.38µm
u_core.mem_rd_data\[29\],1.38µm
u_core.mem_rd_data\[8\],1.38µm
u_core.u_nec_decoder.bit_counter\[2\],1.38µm
u_core.u_nec_encoder.bit_idx_q\[5\],1.38µm
u_core.u_recorder.word_q\[25\],1.38µm
u_core.u_recorder.word_q\[31\],1.38µm
u_core.u_replay_fsm.word_q\[17\],1.38µm
_1267_,0.98µm
_0009_,0.96µm
_0043_,0.96µm
_0046_,0.96µm
_0413_,0.96µm
_0432_,0.96µm
_0449_,0.96µm
_0474_,0.96µm
_0574_,0.96µm
_0578_,0.96µm
_0620_,0.96µm
_0675_,0.96µm
_0677_,0.96µm
_0685_,0.96µm
_0692_,0.96µm
_0693_,0.96µm
_0703_,0.96µm
_0755_,0.96µm
_0765_,0.96µm
_1103_,0.96µm
_1178_,0.96µm
_1235_,0.96µm
_1436_,0.96µm
_1534_,0.96µm
_1746_,0.96µm
_2021_,0.96µm
net557,0.96µm
net568,0.96µm
net578,0.96µm
net664,0.96µm
net685,0.96µm
net693,0.96µm
net695,0.96µm
net702,0.96µm
net738,0.96µm
net819,0.96µm
net892,0.96µm
net925,0.96µm
net932,0.96µm
net944,0.96µm
net983,0.96µm
net1063,0.96µm
net1290,0.96µm
net1358,0.96µm
net1364,0.96µm
net1369,0.96µm
net1382,0.96µm
net1419,0.96µm
net1476,0.96µm
net1485,0.96µm
net1501,0.96µm
net1509,0.96µm
net1515,0.96µm
net1522,0.96µm
net1562,0.96µm
net1566,0.96µm
net1570,0.96µm
net1572,0.96µm
net1576,0.96µm
net1613,0.96µm
net1658,0.96µm
